#format: frame checksums
#version: 2
#hash: MD5
#software: Lavf61.7.103
#tb 0: 1/60
#media_type 0: video
#codec_id 0: rawvideo
#dimensions 0: 1920x1080
#sar 0: 0/1
#stream#, dts,        pts, duration,     size, hash
0,          0,          0,        1,  3110400, 34bdbb3ecd42cb15ab5ac32652f3f35b
0,          1,          1,        1,  3110400, da37104b8f56afcfdbf2a8fbf5c7436d
0,          2,          2,        1,  3110400, ff284441f4004e517b119b6a16912764
0,          3,          3,        1,  3110400, f62f2284a76efd30280868d073645995
0,          4,          4,        1,  3110400, 9928268633dec4f1c5221aa8d097c55e
0,          5,          5,        1,  3110400, 9bdb223947b32c2acbde57d488f93e5a
0,          6,          6,        1,  3110400, 328c8574be00f13f09ce90cfc55ef9ac
0,          7,          7,        1,  3110400, acbb4bd0b2d5dc4db18a1c14058deadc
0,          8,          8,        1,  3110400, 446d272ab9cd346c1d334c34f1403654
0,          9,          9,        1,  3110400, 407420f8adfa3bdb5a28e95d45fde843
0,         10,         10,        1,  3110400, f25d93107e5f7dca21231a109a466dfb
0,         11,         11,        1,  3110400, 1ad7b7d5137a02b53b8df3db07ffe4c5
0,         12,         12,        1,  3110400, 1ed7961346876ed0a233de8bbf0b7758
0,         13,         13,        1,  3110400, 7a49b528210ea46e4806a950b5ae0a64
0,         14,         14,        1,  3110400, d0b013aa34bb356a857ae243a3f8a036
0,         15,         15,        1,  3110400, ba3d17cecf82870b48eaa169ac510248
0,         16,         16,        1,  3110400, eeb6eebb2265e730e8261e45210e77a7
0,         17,         17,        1,  3110400, 05ff167134e64b0c0338b82bdc1d8048
0,         18,         18,        1,  3110400, 6464a4a5aa1b38f983db1d4aa2658ea8
0,         19,         19,        1,  3110400, e88e7ca346256efcfe31e684d62829fc
0,         20,         20,        1,  3110400, 74814ae6fce149332c7fe05d3c8cb6e5
0,         21,         21,        1,  3110400, 378ba549fc7e2b09b609745fa0e6fd05
0,         22,         22,        1,  3110400, 554d79b5bee1d026725e41388c712e5c
0,         23,         23,        1,  3110400, 6b9d454dafcc5d0be180336665f1bb15
0,         24,         24,        1,  3110400, 7b9190b63f350bc62259fa9ac4db0f97
0,         25,         25,        1,  3110400, 4948eb8508f77758ebd5f4c768e6c4d3
0,         26,         26,        1,  3110400, d2111c034cdf93467ef0de4aff503419
0,         27,         27,        1,  3110400, 4f3621cd820dfb6778b32299fe0fcae7
0,         28,         28,        1,  3110400, 8dfdde0f7f20891859a162391e67e0c2
0,         29,         29,        1,  3110400, 5e27ccb365f42d1d4ba3960c4906f4d7
0,         30,         30,        1,  3110400, f74640d5f424aa10f6f24b7e20f4a048
0,         31,         31,        1,  3110400, a6a75dd98401ef8e3003450ccf8c8cbb
0,         32,         32,        1,  3110400, 67b433418ac5fb78fb2741b4c06b5ba2
0,         33,         33,        1,  3110400, a950a2abc1d460a8e8023fb4dc3d7580
0,         34,         34,        1,  3110400, b164b97c0d1d5f327787751cad1fe0a3
0,         35,         35,        1,  3110400, 63d6927aaff9ecba30c218e68e5522cd
0,         36,         36,        1,  3110400, 1a8a04ea7785f91c8a347fca2a96f419
0,         37,         37,        1,  3110400, cc48ffd5c692efbbdc7330cd5b5b7c89
0,         38,         38,        1,  3110400, 53fb8e1eab638a23960ad8bd2d5033d7
0,         39,         39,        1,  3110400, 7621ba14f77318d91d4e48d8af9ae297
0,         40,         40,        1,  3110400, b54c8c97012a76ccc6034edeb2bbd62b
0,         41,         41,        1,  3110400, 3ee22bbe2cd4351bae61863135db2e13
0,         42,         42,        1,  3110400, 13bf4482131d1acc149c3f0e85830bfd
0,         43,         43,        1,  3110400, 588d6d02c00d194d8d1744158ca7f1ab
0,         44,         44,        1,  3110400, 84e7d0c5f76a90be85a8f0315aeb6339
0,         45,         45,        1,  3110400, 9316e775a3f93a0a9dea1dbde2e3f2da
0,         46,         46,        1,  3110400, b9b6b43f74f3c960b005bbfe459c03e4
0,         47,         47,        1,  3110400, 29e15efa595cf0207ad282c3b771c1b4
0,         48,         48,        1,  3110400, cbb96e628cac9164fb1b0633084e553b
0,         49,         49,        1,  3110400, eefd7e3e4d8b1c97c94fa078b9dba21d
0,         50,         50,        1,  3110400, 08b3386357fe00fa208daed20b4c45d0
0,         51,         51,        1,  3110400, be0c57484663c89b5ebb469abad5a505
0,         52,         52,        1,  3110400, ca686e6dea85f18ae6f3367db2528fa8
0,         53,         53,        1,  3110400, 58dbb64201992835ee345c1d33a0fb52
0,         54,         54,        1,  3110400, 8e3c5fedaa961cc98901b771f13c1902
0,         55,         55,        1,  3110400, e0396283ffe52c4ecfbc1be9873780cf
0,         56,         56,        1,  3110400, 3f01ecef61ee0fe348e3cb0399506e21
0,         57,         57,        1,  3110400, 99663a417e4884fa58bce697ca3b4264
0,         58,         58,        1,  3110400, 9b20a1bc814a5b5ef98ca5c44a7f800b
0,         59,         59,        1,  3110400, b74703255e9671b1258b938081029e82
0,         60,         60,        1,  3110400, 4b893f1c868a1a038262c1d6f6e7ea8a
0,         61,         61,        1,  3110400, 430c30db3eba3e2aa895e87c05033e46
0,         62,         62,        1,  3110400, 6a82b41464cbf9fb317a61bac2d3a28d
0,         63,         63,        1,  3110400, 1a3099d495af27215cf84fdb1de72019
0,         64,         64,        1,  3110400, ce570ab9d225c9b3e1070a9892839f0d
0,         65,         65,        1,  3110400, 1425d278256c7b0ac2cf419e36f9c804
0,         66,         66,        1,  3110400, 70506ae367c3aeecb86fef0bda0e3fec
0,         67,         67,        1,  3110400, 8abe2bb27f254a4d5c9001c310be7e7a
0,         68,         68,        1,  3110400, edc19237becb5c03320c42af63146807
0,         69,         69,        1,  3110400, 9e7528009ffc23c68320fafd0b012389
0,         70,         70,        1,  3110400, 5ef471335071809100b92319134cf7a7
0,         71,         71,        1,  3110400, bf419753fdce0335f932011802c92868
0,         72,         72,        1,  3110400, cf91815a43e66f4ec5f9c187fee09329
0,         73,         73,        1,  3110400, 82395a686e46877e1f16ef1e4a3a5569
0,         74,         74,        1,  3110400, f6eba2cb4c80ada7d9b662ee867ac85a
0,         75,         75,        1,  3110400, 14f739a3ec513290868a3c5b73720da1
0,         76,         76,        1,  3110400, 678d8b43ad1e0c1f97f0fb33c986531a
0,         77,         77,        1,  3110400, 634ec7f61b17fbd6f998ea09fa8c8a6b
0,         78,         78,        1,  3110400, f1b3c9857e38702afbad7cd55dc2f7c7
0,         79,         79,        1,  3110400, afeddaa52250d331a22fff49f50db9b7
0,         80,         80,        1,  3110400, a4b1c9ed2cd378eebf8146023a12c5fa
0,         81,         81,        1,  3110400, d020f8ebf40726be3df6ef12b67237c2
0,         82,         82,        1,  3110400, 1af06a1ce90b28c0856fc0f547378193
0,         83,         83,        1,  3110400, 674fd46b5ba4485fc20e372c4786acd2
0,         84,         84,        1,  3110400, f54cf0c989f241f2deb644536729d7ba
0,         85,         85,        1,  3110400, b503ebdfa223d29021ff9a92fd19a4a0
0,         86,         86,        1,  3110400, 497535037b1d13638d7080eea81eda89
0,         87,         87,        1,  3110400, a17b18bcfd60acdfe36bbf95f94117cf
0,         88,         88,        1,  3110400, 2978a78633359dcc0a6a945f69f6ba49
0,         89,         89,        1,  3110400, 6ecf9c086966b7eddd3dda2495784297
0,         90,         90,        1,  3110400, efc5c672273b3a666284eac795fd2b92
0,         91,         91,        1,  3110400, bab67c12854cefce1928e482495ffdc2
0,         92,         92,        1,  3110400, 6f8ed7a2f220e59cf6bf4d89ef4b23fa
0,         93,         93,        1,  3110400, 33adc3c045e1d372c5474fc038a0db71
0,         94,         94,        1,  3110400, 9ca309001c2bd052f24b0fbfdf93fec0
0,         95,         95,        1,  3110400, 918b9ed1635c3ee6afe66810bbe04316
0,         96,         96,        1,  3110400, ac0afee037ddfe39f91557e93e8d9c96
0,         97,         97,        1,  3110400, c9cc95caea1b6079ba2d563f95ee91ae
0,         98,         98,        1,  3110400, 5d2dca7704d920ea2246a7e01a81f5d6
0,         99,         99,        1,  3110400, e56c0a64e2d8c4f97bf6606d2b68b251
0,        100,        100,        1,  3110400, 903d94207d0574d0bc0174d46fe0cb51
0,        101,        101,        1,  3110400, d0c0ec2d6705364b8a6e200bbe63c3c3
0,        102,        102,        1,  3110400, 1db2a18c70d68243f107f9b856c90d14
0,        103,        103,        1,  3110400, 691307f3034a94eada26f7072e6f1992
0,        104,        104,        1,  3110400, 05829eb5fcca01765675aa68dc5c7c5d
0,        105,        105,        1,  3110400, f18881f726bd31d81e37b002a1a335a2
0,        106,        106,        1,  3110400, 4ffcdc0c8dbdce65c0a6f3398b91978f
0,        107,        107,        1,  3110400, f9a6193c3926ff3f90df99813f6da0ac
0,        108,        108,        1,  3110400, 17125798e4e68fe1f32e64d3f29e976a
0,        109,        109,        1,  3110400, 39c9a0d0effc7f944dc8914c47f82a6a
0,        110,        110,        1,  3110400, e6d8f4f9c8f5226c374cf3c21d24e2cc
0,        111,        111,        1,  3110400, 226b8e4c0a8d4698d949bee490e4b2aa
0,        112,        112,        1,  3110400, 1ff599d6e199bd435ff8a65c48e025b3
0,        113,        113,        1,  3110400, 183c3d56b2f63372f3fa4bc0abda3dfd
0,        114,        114,        1,  3110400, b8b86b2bc8717c1d46f6c94e4168656c
0,        115,        115,        1,  3110400, 27e156ebfd1322b2052e59ca32221bb4
0,        116,        116,        1,  3110400, 1705436c29b1b01b6e8fb30bbb04a8e2
0,        117,        117,        1,  3110400, 8a4b5839ef7ab3a42547be586baf18e8
0,        118,        118,        1,  3110400, 206bc07fe574303450e8d067e6b178c2
0,        119,        119,        1,  3110400, 4e788c2ffb0fcea1fa6d66fcc4e9ec79
0,        120,        120,        1,  3110400, f7898c5784fa74700a080172ea5f3407
0,        121,        121,        1,  3110400, 4a40d08ca305a9e544ca8e82c7f2c455
0,        122,        122,        1,  3110400, 5b7a11c77bfdf541e8e0a77b0215e34d
0,        123,        123,        1,  3110400, 46bb0a3efffc74170381e6f1e88265d2
0,        124,        124,        1,  3110400, 82fcedc7f96f70fb4612e6ac2692ab5d
0,        125,        125,        1,  3110400, 74dba25edb40ac39e5f749aebc2f8f77
0,        126,        126,        1,  3110400, 54b455d2782be742159c4f23a006caec
0,        127,        127,        1,  3110400, c47541e86e6b527d0abf855b63d8a6c0
0,        128,        128,        1,  3110400, 63a8f90fdbc7fa0dc75f71d1dde6e85e
0,        129,        129,        1,  3110400, 4c1b7168e2bfb6f0623887b855847344
0,        130,        130,        1,  3110400, 77e73bf4fd16368196a7d93e04991f3b
0,        131,        131,        1,  3110400, f4d5b4440401091d04fa813250a14d82
0,        132,        132,        1,  3110400, ca550e7d522454c996f0faed8b40287f
0,        133,        133,        1,  3110400, 48e82e12de1a1150f004bc65657a2627
0,        134,        134,        1,  3110400, 04dd047e85b72c01612d95814bbd8c0c
0,        135,        135,        1,  3110400, 9945538b37ec619f4a5995a78707d768
0,        136,        136,        1,  3110400, f7753d0335a8e96f2aec8b4cec7ab450
0,        137,        137,        1,  3110400, ee458206a96d3dfc8022a9f97dea5cae
0,        138,        138,        1,  3110400, 3ef6bf5eacabc3bb70334cd889f07060
0,        139,        139,        1,  3110400, 90dd46891ed0c00ca1d342dbdf75d6c5
0,        140,        140,        1,  3110400, c57244e1b2aa7b825827e8c60c141722
0,        141,        141,        1,  3110400, da49eda34ecd928b796f905b3283bf8c
0,        142,        142,        1,  3110400, ad706c2eea7a5794449151e37c1f82b3
0,        143,        143,        1,  3110400, 959bd57c6f7a9729e4f382b669ed3778
0,        144,        144,        1,  3110400, ec05b6e998883a7bf3f4f76d8958e2b2
0,        145,        145,        1,  3110400, 192ca8000b96f227abf687f1fa72a74f
0,        146,        146,        1,  3110400, f2947b702e78aafd06613e4a88ef4ced
0,        147,        147,        1,  3110400, 190b5d9c11785074b3de8a1b59c188f0
0,        148,        148,        1,  3110400, 1fa17ed99c112be4f8b1254253368df4
0,        149,        149,        1,  3110400, 28b92f1a8efa40785f85c9bab418f35c
0,        150,        150,        1,  3110400, 21b4d3289ad8f2001bdaf2560ffdcef1
0,        151,        151,        1,  3110400, 018d004ce31df053ed7c1536dfcfcda5
0,        152,        152,        1,  3110400, 0bba27d441146c5c62a8a1ed00f61d38
0,        153,        153,        1,  3110400, f62c13728ce0cfa65c81117cb9ea1aca
0,        154,        154,        1,  3110400, 1de1bf857daf3e31356b4b4c6cd1d94d
0,        155,        155,        1,  3110400, ea4d02889621968a74d728110c982960
0,        156,        156,        1,  3110400, 45f81e515fca8285272acdf834622be9
0,        157,        157,        1,  3110400, 881aaa8b94927bb77079c705569bee2c
0,        158,        158,        1,  3110400, d624e237c8309e97cca76ec4fd459f63
0,        159,        159,        1,  3110400, fcf46332c5062a070ff4b7fbe1d7b350
0,        160,        160,        1,  3110400, 91ae3d95b19521dcdf37f5fc3f5978a3
0,        161,        161,        1,  3110400, a9cf02eb5cf706cfa1d88946fba01cf3
0,        162,        162,        1,  3110400, 2be28c7346ce44b0a51f9f6a4af12cbf
0,        163,        163,        1,  3110400, 141a925d8f455feee74ded5b4df7139d
0,        164,        164,        1,  3110400, 87ffbbbccfc30594cf008dad222eca7f
0,        165,        165,        1,  3110400, c723a62a45ca647e07bc6c2d8d8779aa
0,        166,        166,        1,  3110400, 16e59c6a6c0f06f8022eb9f718a3510f
0,        167,        167,        1,  3110400, ef10b2316baa953ba89021c4aa069306
0,        168,        168,        1,  3110400, 20252045ab4edc34e8d1e85100933d30
0,        169,        169,        1,  3110400, 37b507ebdee9cda74463eb5c866713a2
0,        170,        170,        1,  3110400, e49edd79f7b1e05302b28957a60ba7f6
0,        171,        171,        1,  3110400, 5c81a5111c8e455c3c1b690e1a3bbc7f
0,        172,        172,        1,  3110400, 755a1540344f2a91ea04084ea6aa6430
0,        173,        173,        1,  3110400, 4c049d8157c9dc10c4a98ea9b5520ba8
0,        174,        174,        1,  3110400, 08383e33b43ac1a0e449de7dc1146189
0,        175,        175,        1,  3110400, e70188e69cd83b1a6794d4e8b48e8c58
0,        176,        176,        1,  3110400, 6a228d4057de9a3fe67fa6facf4ce6fa
0,        177,        177,        1,  3110400, e54c7427774b1728e2fbdb9242686de8
0,        178,        178,        1,  3110400, 5e3d4a5d0ed177df87d42a459bda1a9e
0,        179,        179,        1,  3110400, 8b16004f4afe0cd94ed7d0b0dc251ac4
0,        180,        180,        1,  3110400, 41df36e1ccacf2f9a5b8e67c6af7044d
0,        181,        181,        1,  3110400, 5b7cbc9931402473295c6981c67baff2
0,        182,        182,        1,  3110400, 070ddca7b333e729d0ae34108ae613e7
0,        183,        183,        1,  3110400, 5ad634123f1dd43e0e379e383813c908
0,        184,        184,        1,  3110400, ce5099af54d530ed1410978b4623987e
0,        185,        185,        1,  3110400, 4ed92a4437ec0f7bd7f5b6b9e1e75970
0,        186,        186,        1,  3110400, 2ebcb8f259b7be57a6a20e235549a410
0,        187,        187,        1,  3110400, 6daad37268b864fe2f97256cd7b4a887
0,        188,        188,        1,  3110400, 3a344692da1b33633cbb6408807c607c
0,        189,        189,        1,  3110400, 154c718df6091a3e124a99941763904f
0,        190,        190,        1,  3110400, 6001885b51d9093702ec5754e57abe4b
0,        191,        191,        1,  3110400, b810351bfff6a12fc318b7f6a9370d14
0,        192,        192,        1,  3110400, 5e1ae74662096a9fb0e4a6209f953028
0,        193,        193,        1,  3110400, 21265401d64e50f0d31e4be43955c1c7
0,        194,        194,        1,  3110400, 7d3c7af1f0e386231d3040b3f09f5d40
0,        195,        195,        1,  3110400, 7557836d7d00d8ee49e850598ff9874d
0,        196,        196,        1,  3110400, 799699bc61d86c15bf63e54ab2b0e113
0,        197,        197,        1,  3110400, e699c718b3bbdcd18f38744d453ea81b
0,        198,        198,        1,  3110400, c23310851ea745819934d9a75fa52adf
0,        199,        199,        1,  3110400, a22066afc2742f88763d33f2aa69b5a4
0,        200,        200,        1,  3110400, dab420ea7d73ed694fdb60f1a3a791fd
0,        201,        201,        1,  3110400, b84d64fd0bbb6a006dbfb94f7a885641
0,        202,        202,        1,  3110400, 1eda48b837011f7824116549dc27c8c6
0,        203,        203,        1,  3110400, 702643324d5cd10b57606344f2654d3f
0,        204,        204,        1,  3110400, 93669e6989fe83a3e74392cac9ba18b9
0,        205,        205,        1,  3110400, 161f628207f945a52cd677f6eb1a8b31
0,        206,        206,        1,  3110400, 081b6d89edd7d95f460613536e2fda9c
0,        207,        207,        1,  3110400, b87afb4c41478ea3aedffb4bcc676fb1
0,        208,        208,        1,  3110400, 458a87f55e1b9716e58a7ef047ceaf4e
0,        209,        209,        1,  3110400, bc2824a4b398cd06c65e0cbcfda0e6d0
0,        210,        210,        1,  3110400, 1aecb4daf52c01532c16edc8319e9c16
0,        211,        211,        1,  3110400, 6e4fea5381909d01bcef525f497db853
0,        212,        212,        1,  3110400, 8c31170780719d4c18b7c7cf8b88e9ad
0,        213,        213,        1,  3110400, 210cb3e9cb2c03ff813e34c8e423189b
0,        214,        214,        1,  3110400, 0d6b7ce02be62ffa07cc32add45f61a1
0,        215,        215,        1,  3110400, 66001ea5f691353c83ce1e7ff36bef96
0,        216,        216,        1,  3110400, 11cd0d0418c68906f4dff463c590b3dc
0,        217,        217,        1,  3110400, 7bf70c695c512fcfa775b16c5f25b15b
0,        218,        218,        1,  3110400, 3548741ba8820187795bdda5d95194a1
0,        219,        219,        1,  3110400, b226f607b4a7f449acd738a341ed1324
0,        220,        220,        1,  3110400, 2e34dbea9e8e778bff42862694b1929e
0,        221,        221,        1,  3110400, 01bc8a5a2db3b17752a26c8925855781
0,        222,        222,        1,  3110400, 7810a735a2cdd36cb449fcf62c97e805
0,        223,        223,        1,  3110400, ed383ee95dbd16b11885b78ba21e639e
0,        224,        224,        1,  3110400, f670418c35ca4959fcb19dca7ac65458
0,        225,        225,        1,  3110400, 2c60240c038bc797f1cffc0c400e4c39
0,        226,        226,        1,  3110400, d21ecc9c46c47d8852d924f7327be208
0,        227,        227,        1,  3110400, 6e70927e5e1027ed41baf01cee55f41d
0,        228,        228,        1,  3110400, 8717ca05f2f03b528517172e46dc128f
0,        229,        229,        1,  3110400, 33a76620708309c4d15e18178445c739
0,        230,        230,        1,  3110400, cc76680a351fd01e09d82ca77a068a7b
0,        231,        231,        1,  3110400, 681d3b8028b404ce456340cba3727fa0
0,        232,        232,        1,  3110400, 7dc00bcd1730a685d615a116e90bddda
0,        233,        233,        1,  3110400, 83a2f610d15d99040a961ba153404503
0,        234,        234,        1,  3110400, d114364d7f9ac4e58e4fcbc476739a05
0,        235,        235,        1,  3110400, 328feddae8e0aa4de9a62b7bfdb385e8
0,        236,        236,        1,  3110400, 88eea1072b563fe4d3a8881a4e5276fc
0,        237,        237,        1,  3110400, 4155a328436b1ae62d9764c75ca8e0c5
0,        238,        238,        1,  3110400, 79401f54c4131263bd816614686736ab
0,        239,        239,        1,  3110400, 7342203c29fea53afb850af90e1f1799
0,        240,        240,        1,  3110400, 197f9dd2b790a2aadc5bf2bfd02b1e0d
0,        241,        241,        1,  3110400, 6d1931a309e331041e95dc85dbdbc8d4
0,        242,        242,        1,  3110400, 05a939b715f3933f1acae94f75dea033
0,        243,        243,        1,  3110400, dbea9b93dc0d71bb537a5a29ed1b1e41
0,        244,        244,        1,  3110400, 9eaa49105307cbb7bf1d2418773daa10
0,        245,        245,        1,  3110400, cbe2ddda9ff041857de3865965c8c26c
0,        246,        246,        1,  3110400, 79c5f7a52ad588a2dca22e2174543ccb
0,        247,        247,        1,  3110400, 29bd93c7e17888606c3ce69ac7dbbd46
0,        248,        248,        1,  3110400, 859dd2ea2880f974adb68eaa631a604e
0,        249,        249,        1,  3110400, cc021d2939ba4dfdb120909c5acaf257
0,        250,        250,        1,  3110400, fa35f16d3e5c7903770fbef16861885a
0,        251,        251,        1,  3110400, 2d01dd243956b7668ac719d52110379f
0,        252,        252,        1,  3110400, b668423472f4401f30c2b7c464b38b62
0,        253,        253,        1,  3110400, 121077b3aa8461f1b3b89850142ee080
0,        254,        254,        1,  3110400, 3b9c76890106474172d07af86277ed36
0,        255,        255,        1,  3110400, 58ae3435ef8f07f16f2f10c02ab226c4
0,        256,        256,        1,  3110400, b28232fb87bbfedadd6549df8960d98a
0,        257,        257,        1,  3110400, ee8ffc0a40a3645e3c6ea3c4aadbea61
0,        258,        258,        1,  3110400, 3406ce369019ced61fa3a22c78499b8a
0,        259,        259,        1,  3110400, 3cdf3ded70df5744aa4a01a22d5e5381
0,        260,        260,        1,  3110400, 73330f3bc61284c581adc73ddb8fc921
0,        261,        261,        1,  3110400, 9afb144359b583c512bc3f2cb68bd0b0
0,        262,        262,        1,  3110400, f53398b8b9b224a5a47de93102f1fe6d
0,        263,        263,        1,  3110400, 03e5bbd8a41eae25882b3e6db9176ecc
0,        264,        264,        1,  3110400, d7785130a75a121f8e581374d169a3e2
0,        265,        265,        1,  3110400, 91fd16d1fd8126aee3c6a0c987cc21db
0,        266,        266,        1,  3110400, ac4946567718eb197409624d03f5034f
0,        267,        267,        1,  3110400, 83d6327796d10be1d077424d37abaacc
0,        268,        268,        1,  3110400, fa500e894f7028d4910538d3ebe692de
0,        269,        269,        1,  3110400, c5b25a9d2005823ea20f28e51ee2a453
0,        270,        270,        1,  3110400, a849a2eca2aa1d47f4ce5cf82fe6b0be
0,        271,        271,        1,  3110400, e63903c2661afe73d9b0c7a36e9b1c30
0,        272,        272,        1,  3110400, 75e605b2078d9a2ea12e5ce5041ad2f6
0,        273,        273,        1,  3110400, 657c25229d2db31c34f0bff80246006e
0,        274,        274,        1,  3110400, 89776f4e7c4778fb5a7c519b1f521d4c
0,        275,        275,        1,  3110400, 71f15af3b5c53c3471da12e2cce92900
0,        276,        276,        1,  3110400, dd6fe6c1d1b586eb93379a1091af8d04
0,        277,        277,        1,  3110400, 0b8212490e888750e77ad7c41e0bbe99
0,        278,        278,        1,  3110400, a8dc26073c7a229bb0ed22daad9c111b
0,        279,        279,        1,  3110400, 9a9d7febf204a6cf09b9affffdb2ac78
0,        280,        280,        1,  3110400, 0662efdf56b50ed1a8570a0fa3df009b
0,        281,        281,        1,  3110400, 531890708e95f07100a2125f3356b67b
0,        282,        282,        1,  3110400, 8bf1dd1d9a30160418969a774c917159
0,        283,        283,        1,  3110400, e12a100cc9a074e3a36c23be0125b740
0,        284,        284,        1,  3110400, 246abd011d517406d8e9222892f3143b
0,        285,        285,        1,  3110400, 62beec701caba1b1c2dfe20a3d34cf3c
0,        286,        286,        1,  3110400, 613a863e7054074fd8380cccd1f13b60
0,        287,        287,        1,  3110400, b86cf1a40ad44446008fa4c250ef2bb3
0,        288,        288,        1,  3110400, f20ec9e124dcd94504da973691831565
0,        289,        289,        1,  3110400, 43266539957228c140c0a4a1db0229bd
0,        290,        290,        1,  3110400, 5630b6b50eefc10c1c3eacff53344a55
0,        291,        291,        1,  3110400, 69155d1c843e87b7285f8d9286fff43c
0,        292,        292,        1,  3110400, ed2614bd1800538bf3493912beb95d40
0,        293,        293,        1,  3110400, 0304bdb3eb057d77eaae75592f23aca1
0,        294,        294,        1,  3110400, 129c353738161b206753840716a95e0a
0,        295,        295,        1,  3110400, 05c13ceb7cbe46ce7023202737190fd8
0,        296,        296,        1,  3110400, 0c4a2c4d2d046a1fe930b7962e2736b8
0,        297,        297,        1,  3110400, 1f63d46c83949b2565cec612e63f3efe
0,        298,        298,        1,  3110400, 7c25be519697443122144d914190ba67
0,        299,        299,        1,  3110400, 1e80f17de1fbed9cbcd69db208c78165
0,        300,        300,        1,  3110400, f0960e011758240cc0fa580150294182
0,        301,        301,        1,  3110400, 093a89699632945cbb6682f5fb3d8479
0,        302,        302,        1,  3110400, 6503226f00d150d280e98d72a767924f
0,        303,        303,        1,  3110400, 7a2fd929422b650ff543fc0c7f298baf
0,        304,        304,        1,  3110400, 50674cd02364f75abc804e25d6887baf
0,        305,        305,        1,  3110400, d14da3292426fcb5069dc9f620475344
0,        306,        306,        1,  3110400, 0ce348bdbb535b4bfbb19b1d61ee1e21
0,        307,        307,        1,  3110400, 6b308be540d2164936ccff0a42598510
0,        308,        308,        1,  3110400, ad4f3a724da7c1f067451cd5554b2c53
0,        309,        309,        1,  3110400, f9de6ec6048f1f118a9f881953726882
0,        310,        310,        1,  3110400, 86dcfc49f1a4d5500d46f9a0c8957c0d
0,        311,        311,        1,  3110400, a9be6e93aa77d6597257c6c5cadf8f30
0,        312,        312,        1,  3110400, b60336466be34705c703b2f805924771
0,        313,        313,        1,  3110400, 2cbc5a0d2afb21f2e08a38da3615d49c
0,        314,        314,        1,  3110400, fdbc0b952acd4e1d4c21f89b8c30e406
0,        315,        315,        1,  3110400, 20f44b052536921ac2cfa5317ab82a2f
0,        316,        316,        1,  3110400, 9a7017ff029c31afbd9e029231fe858e
0,        317,        317,        1,  3110400, 1e7379f55daa10ce3ab082b94df6f5ad
0,        318,        318,        1,  3110400, 4851393833b60823f4e469b6b3c27a21
0,        319,        319,        1,  3110400, 6e7823d9f841d1c14274680138ea5dd9
0,        320,        320,        1,  3110400, d9065af5b6172a7301a2325bda9c69c1
0,        321,        321,        1,  3110400, 27f786d4bdd96fe02e8aed304fb9e9d5
0,        322,        322,        1,  3110400, 79c9d16a27184dafa4fd9718a1ef29ad
0,        323,        323,        1,  3110400, d2c6d76dcd1a49ebe1cc1b35e4ea4a34
0,        324,        324,        1,  3110400, da4eaa90b4ebed1c92e45c3d517546fc
0,        325,        325,        1,  3110400, d0fc3c4eed615164c75cf52ce4befa02
0,        326,        326,        1,  3110400, 086e4d711542db7ef86a7df15a9fb331
0,        327,        327,        1,  3110400, 427b6ec77c2d6a45a4d5be936a3f37f5
0,        328,        328,        1,  3110400, a936c6f75c4943e97042013d14a4f121
0,        329,        329,        1,  3110400, 015d20ffe459ad15eba19aa4f6f2777d
0,        330,        330,        1,  3110400, c2504873a8b7d26dc9f1d2af97a8168b
0,        331,        331,        1,  3110400, f594d4119188f6eeec5fc797058380a8
0,        332,        332,        1,  3110400, de58036baafad89d1cde82222ade75ea
0,        333,        333,        1,  3110400, da217794fa00514bb9c065e0adb80334
0,        334,        334,        1,  3110400, 93284810900aa55afbe7841e20bb7edc
0,        335,        335,        1,  3110400, 5642b5464f2455d290509b55286f314a
0,        336,        336,        1,  3110400, 7212c27dab7080928ff5029651475a0d
0,        337,        337,        1,  3110400, 9cf6b322fdf2191ed9a948ed3d8a1089
0,        338,        338,        1,  3110400, f0f8ca004eaecd5728f45a207d01d7a7
0,        339,        339,        1,  3110400, bc29b6413cc6a0432f3c5ed29e906e4c
0,        340,        340,        1,  3110400, 61c950d443d28dc69b3b9e2455f71443
0,        341,        341,        1,  3110400, e02bb5b5ed4c7d2650254f0d82e33609
0,        342,        342,        1,  3110400, 348214261adce993b8e6d1be388e9618
0,        343,        343,        1,  3110400, 6f14d4b9c9455b3e25dd4c6fe9253b2f
0,        344,        344,        1,  3110400, e591b7a37bb988dd537f0208005016f9
0,        345,        345,        1,  3110400, 199568d2005ba49d45b90f1676721833
0,        346,        346,        1,  3110400, bd5a2254cf17c597e134197aa154424e
0,        347,        347,        1,  3110400, 8b3f2ab4adc84ea2a55ed8430b497e96
0,        348,        348,        1,  3110400, bfb86961e9775babf81c3544f01254fd
0,        349,        349,        1,  3110400, c736225fc82a7e7e8c909bcb851ceea0
0,        350,        350,        1,  3110400, 56829668ee01a643da680df0542d0259
0,        351,        351,        1,  3110400, 9e5cca4026de5d5e94d768edd5d96606
0,        352,        352,        1,  3110400, 75eab99e32f193f7703156af3c31d592
0,        353,        353,        1,  3110400, 0fe7c86b610bed646e99e9a2b2ee293f
0,        354,        354,        1,  3110400, 9ae0ed7be6f815a5e9bd048a3863ceb4
0,        355,        355,        1,  3110400, 5d7c11500719c7b43cf89dc0139ade0a
0,        356,        356,        1,  3110400, dd1abc5916b78906d0ceba677a42147b
0,        357,        357,        1,  3110400, 94a20d7235204108727cafe3d3285423
0,        358,        358,        1,  3110400, 97fb8c7f62fee5580f5499d42ce84b78
0,        359,        359,        1,  3110400, 82ddb23d00d9e14d42d58e300dbfbc7b
0,        360,        360,        1,  3110400, 67059c0ca353cdb6fbb3914eca6a3f0a
0,        361,        361,        1,  3110400, cb13763baf8aabc1c110a7cdd4266a2e
0,        362,        362,        1,  3110400, e29563cb1bb7087bfba61a3bbe06c5b9
0,        363,        363,        1,  3110400, 5f2393f62ed8a3acde597a8cd0757a8d
0,        364,        364,        1,  3110400, 9fef01e14bb7b89dbe58721206984d5c
0,        365,        365,        1,  3110400, 9699436b5549538a4dcf35cdd354ce2a
0,        366,        366,        1,  3110400, 1a0823d52a7818b9aa01c33173c8f1dd
0,        367,        367,        1,  3110400, 968aa69639fb93e4c568897a63a64cb3
0,        368,        368,        1,  3110400, 64c803e91043e7baed716c8294d946bb
0,        369,        369,        1,  3110400, ef8f77d0e805b61e481903050048d5d5
0,        370,        370,        1,  3110400, 428370525aa7eba2614128eafc4dfdc3
0,        371,        371,        1,  3110400, 413217c84b508940551cbfef53bd3b71
0,        372,        372,        1,  3110400, f5bb1e0d8bfa96f4457a65ecd1b176bf
0,        373,        373,        1,  3110400, 925facfeff89daec127a54794210d080
0,        374,        374,        1,  3110400, 546428856a5e16eb60ff9ec61c1a167a
0,        375,        375,        1,  3110400, 6c75b7e4b22dba094044bbb3f36b8d6a
0,        376,        376,        1,  3110400, 75f062d03a42ad672d2b8bfb4af07c87
0,        377,        377,        1,  3110400, 32f1d317ef3d7010b2490537f1a10a6f
0,        378,        378,        1,  3110400, 6288d3630028e1ceccb64cace3b028ca
0,        379,        379,        1,  3110400, 33706c01fefad2a554e8dbe979407311
0,        380,        380,        1,  3110400, 6ee119729499366c0a381b91a8de11f8
0,        381,        381,        1,  3110400, 61c7db845f929bdc03fba61ee35858b8
0,        382,        382,        1,  3110400, fffbc45ffd41ce19f902c9e639cafe38
0,        383,        383,        1,  3110400, d8d75dac4948dd51dc05a0d449591960
0,        384,        384,        1,  3110400, 6039e44760da5ba01059a8177f3f2765
0,        385,        385,        1,  3110400, a6a25fe862e9eed210720827a1e4d897
0,        386,        386,        1,  3110400, f485ccc86dc2fe3acea1594e3b07f7f6
0,        387,        387,        1,  3110400, 678d01757c61a1905f26a16dd082cb61
0,        388,        388,        1,  3110400, fc2045da73de92dbd7a50a24213105aa
0,        389,        389,        1,  3110400, 9b600fe32f20566ed85e44531b793f25
0,        390,        390,        1,  3110400, 902866c4a6d29bd65276c5fec21de848
0,        391,        391,        1,  3110400, 812bd695c732b54ee97b325b57570c2a
0,        392,        392,        1,  3110400, c443aafa698bd9ec80e53662bc99bc8d
0,        393,        393,        1,  3110400, ab0edd64bc86a764731f02b9e2155c7a
0,        394,        394,        1,  3110400, a7618d3b61f5f1a089abda483c7e3521
0,        395,        395,        1,  3110400, 263e975205e7ec3e362b88a065d4509d
0,        396,        396,        1,  3110400, 682e231218a239dc77cb122531a0945d
0,        397,        397,        1,  3110400, 519c9e8e999b30821823534b64de6f08
0,        398,        398,        1,  3110400, 8f78e2b3409231fd9c579994ffe4749f
0,        399,        399,        1,  3110400, aed8ba43b84b66d7415c36cdf8ca3892
0,        400,        400,        1,  3110400, 9861055b62381de56ee75a675b0b1add
0,        401,        401,        1,  3110400, 3e2d908f17abf3e653c645b6fad9e925
0,        402,        402,        1,  3110400, 8c3fe73c608e162198fa0925b6bd4fbf
0,        403,        403,        1,  3110400, 4cdd869a61285f849ae76d85513f8121
0,        404,        404,        1,  3110400, b1301acafa8bc5e12292cb0ff406e9c4
0,        405,        405,        1,  3110400, 70662a7864d81ad971b9837ac30f3fee
0,        406,        406,        1,  3110400, cdf43f2987de0a898a71bd7e6e46d840
0,        407,        407,        1,  3110400, 9817f3767f1bffefcb9bfa87c85eb7ad
0,        408,        408,        1,  3110400, 85c9f2735fc8e25d71d44db60263671d
0,        409,        409,        1,  3110400, 058d7bc0594cb4922503fada0b3241ed
0,        410,        410,        1,  3110400, ed6c96b97043db7f4349dd2dc376fa0a
0,        411,        411,        1,  3110400, 80bf3aaf25b22f30b20528289b1ef898
0,        412,        412,        1,  3110400, 9f269029e0a6a309e9ca38d8fc2b0a6c
0,        413,        413,        1,  3110400, 8894514ce08c424dc45b98493379df62
0,        414,        414,        1,  3110400, 4072386119e704f18a4f7d5f3911d61e
0,        415,        415,        1,  3110400, 864e2400db5796d8ac0864b2d6552e76
0,        416,        416,        1,  3110400, c04154b855578e89f3e86c034f66dac0
0,        417,        417,        1,  3110400, e327115332d68d8b6a64d3a0db6ba679
0,        418,        418,        1,  3110400, 41e885cb2d06387b1278a8e39a811c7d
0,        419,        419,        1,  3110400, 65f983c46485d0825131e149e349d93e
0,        420,        420,        1,  3110400, 24e864acfa0ca68cb6612985c84248d3
0,        421,        421,        1,  3110400, bb8f1c45c79ce7153a6b00e1085bfbdd
0,        422,        422,        1,  3110400, c01ccf80e610c89e1e3d73eb548f3e21
0,        423,        423,        1,  3110400, 147b955880ea33b0d991d178a8b822f6
0,        424,        424,        1,  3110400, 4159e4d35aeb1d45b8bca478488daa3f
0,        425,        425,        1,  3110400, ac11d9f2221e11b675f50d791fab46c6
0,        426,        426,        1,  3110400, 1891bdca15f07276af00b0e8a862ecf0
0,        427,        427,        1,  3110400, 193dab78e9c8922aa3ff49734b198a15
0,        428,        428,        1,  3110400, ab47b2e0da95f60df80b66a086434ad9
0,        429,        429,        1,  3110400, fd2c5b7f2fabd3bf2920c7ae3e129535
0,        430,        430,        1,  3110400, 7ef3ec114647199ebf407ce41217cffb
0,        431,        431,        1,  3110400, 94bb2dc01e79fd04552b745c2e46ee05
0,        432,        432,        1,  3110400, 4ad95ad64524646abce0ec17e6f42350
0,        433,        433,        1,  3110400, 6198bb8eae722a26cd52d1f8a9b78488
0,        434,        434,        1,  3110400, e8a5f792108182a8fd648713de158c7e
0,        435,        435,        1,  3110400, ad3a50161bbf39c44c21c1a660bdc557
0,        436,        436,        1,  3110400, e43a2aca332b522ba1ba5deb3a0c4491
0,        437,        437,        1,  3110400, b411028245ead5893fc136444beba4fb
0,        438,        438,        1,  3110400, 0ac0b77d37db2b05dbe7abaaf5a9f548
0,        439,        439,        1,  3110400, 3facfad495cd50257f89de13da2b2242
0,        440,        440,        1,  3110400, 115b46cb2d9d7b429ad9c3c5b952d1bd
0,        441,        441,        1,  3110400, 2c7ab3c697b2a8433f368179c37fa74a
0,        442,        442,        1,  3110400, da6cfa615fc84007a84ebb8a133b4f07
0,        443,        443,        1,  3110400, b11fbacdde69df82a9d508fc571057e4
0,        444,        444,        1,  3110400, 7395984ee59c752ff2e1087921902b5e
0,        445,        445,        1,  3110400, 8f0ea52a83a58562fe5ad44464500981
0,        446,        446,        1,  3110400, ed6ec270935401313bac517c7963cb25
0,        447,        447,        1,  3110400, c87ebb269a0a179be22f41420b137367
0,        448,        448,        1,  3110400, a1ed4cd7a3a7f1ebd21cd75ba79aed60
0,        449,        449,        1,  3110400, e505f9cd2059928169f0bc9dca81cc06
0,        450,        450,        1,  3110400, 80c6b53eed376e21f56b5b1829bb3b5d
0,        451,        451,        1,  3110400, 00c239cad347dd801097d2df6f31874a
0,        452,        452,        1,  3110400, 68bafc025dfe181328b291f04ec30d61
0,        453,        453,        1,  3110400, 9d0a7fe964d824b527a0fa79dba90bfe
0,        454,        454,        1,  3110400, 69f152ab8f91a8f28a0d9ad795d18439
0,        455,        455,        1,  3110400, a1dd9f891f47fef714c90bddec06840a
0,        456,        456,        1,  3110400, e1c5280897d27852d96eac350452ed40
0,        457,        457,        1,  3110400, 7972eb16b01f862a98f218d12f8e5052
0,        458,        458,        1,  3110400, 7a27238312b0ebf03e9d09a2f00ca259
0,        459,        459,        1,  3110400, 84fcc3cf283981d17b2958e9acc6e2eb
0,        460,        460,        1,  3110400, 7716ff4f8d63f26db16aebd18de475e2
0,        461,        461,        1,  3110400, 9ba438baec2870652c8667848568b0ea
0,        462,        462,        1,  3110400, 46195d1bb5f9cf259a3d22904c9dc7d1
0,        463,        463,        1,  3110400, 791ded42454ad2f1fc69c80bb2317d5f
0,        464,        464,        1,  3110400, 176d7a1607c90292f2d0ae9b7061b218
0,        465,        465,        1,  3110400, 12f55594e36bcdb24aa8b7707ab8daca
0,        466,        466,        1,  3110400, e336bc2acebd0f8f3945ee68ad5e7615
0,        467,        467,        1,  3110400, 9af1c1fef250d94595d301d38b9179b2
0,        468,        468,        1,  3110400, 71c465c9e13d837e38e5d7b9c740a37a
0,        469,        469,        1,  3110400, cff4aa3f44a58bed7ecdaa76d72b2857
0,        470,        470,        1,  3110400, 2a21184715c9061d663cba936e266561
0,        471,        471,        1,  3110400, 43424588d853fb4f2b6320fda07715d8
0,        472,        472,        1,  3110400, f9da4d894012e1dcc2bd290e2d942092
0,        473,        473,        1,  3110400, 6efff6be5b81ac66610d14741383785c
0,        474,        474,        1,  3110400, c7990618df24402dbf5cff5de3e24255
0,        475,        475,        1,  3110400, 8bc0703555bad38b4a9ed74d3c0ef71c
0,        476,        476,        1,  3110400, 35ba6c440a20ed7559fa8ab69d9d472e
0,        477,        477,        1,  3110400, 54025ed1b95fcefa8f7950f58195fffa
0,        478,        478,        1,  3110400, 081a3b7b14b31df74b9e8a1777d3412b
0,        479,        479,        1,  3110400, 1b1f09c561504e692a8fb433be8a0d4b
0,        480,        480,        1,  3110400, 3f1d2171e223901592991f492164d9dd
0,        481,        481,        1,  3110400, f62dd3f178bd0d8b87edd5ab873a9d29
0,        482,        482,        1,  3110400, 0fee06feeeaf63fa48bb550ec18cfdab
0,        483,        483,        1,  3110400, 76d337e6b73d6762fda7caefab897e54
0,        484,        484,        1,  3110400, 87d0bdb8b85bbc51a5eb38c3dea3b985
0,        485,        485,        1,  3110400, af9c6ee5aa57abc3bde1eaff9d4b33cc
0,        486,        486,        1,  3110400, 988b191cdb1815fd2c5d1b31cc57626e
0,        487,        487,        1,  3110400, 25e4936400973631e91979ec671dace4
0,        488,        488,        1,  3110400, 20ba1b82d127252c25884a55ab4650ba
0,        489,        489,        1,  3110400, 5606d65e5de3681d9b6b1b0c3b6525a0
0,        490,        490,        1,  3110400, 31967552010f8e9a449efe146282fd83
0,        491,        491,        1,  3110400, 7756c9c01627f08bedc0fd84b72e6d4e
0,        492,        492,        1,  3110400, 3b891a9c852fa9c9b04f7a0509549849
0,        493,        493,        1,  3110400, 00a761c53f1148840807d75f0a29b474
0,        494,        494,        1,  3110400, 066f6e214eb2101c85fd8da2757a8ad1
0,        495,        495,        1,  3110400, ac29b53d059e402371c7de1584b41299
0,        496,        496,        1,  3110400, b034103e4b0af25689a72f4684805e28
0,        497,        497,        1,  3110400, 452ddc6b397b9227e694f3f491cd743d
0,        498,        498,        1,  3110400, bd4434fdcbbe7d02c7ac5ed971476437
0,        499,        499,        1,  3110400, 6929f55886010e662fd38c584c9eb2eb
0,        500,        500,        1,  3110400, 5c6c1311c956233e037da430c34abd62
0,        501,        501,        1,  3110400, da21d362347c1e1473111a694efbdf7d
0,        502,        502,        1,  3110400, e9bebb8321c23d5f394f4099e2b71bf6
0,        503,        503,        1,  3110400, fe769f0b726d90ce6f839ee853ec3b4a
0,        504,        504,        1,  3110400, 67840eb10016fbbbdfdc9bbfcf47a805
0,        505,        505,        1,  3110400, 180677c42f1d7e375e74ca1d58c58146
0,        506,        506,        1,  3110400, 54e235417343e555fbd5880a16c5b2d2
0,        507,        507,        1,  3110400, 313cde387a85496c6aa99cbea255ce85
0,        508,        508,        1,  3110400, 060fb69ee18a449d3416b66dcbc1db9a
0,        509,        509,        1,  3110400, a2265a5c706a2b01e2f65a15ae466ed5
0,        510,        510,        1,  3110400, 9728f9edaab6507c25226eb41948f6ef
0,        511,        511,        1,  3110400, 378b38887056a1211a0c71061c0113ac
0,        512,        512,        1,  3110400, 18c6795894edded4ca73e7fc8389273b
0,        513,        513,        1,  3110400, fb13a5963e042d44d9a741d8457e72b2
0,        514,        514,        1,  3110400, 2b359760af54e66c22e5da0b5c714229
0,        515,        515,        1,  3110400, 39b63fb4590b69c1b3176a303cdfda27
0,        516,        516,        1,  3110400, 8babd53e1eb768a3cfb4d46d05ec55cf
0,        517,        517,        1,  3110400, 5529ecf78c60613e5b5c3f10ba100aba
0,        518,        518,        1,  3110400, 03de553d58e1939259a654accd0778fe
0,        519,        519,        1,  3110400, cf9790cfed78a556ccc42958bc79b935
0,        520,        520,        1,  3110400, e62ad0d838e9967f93168a323bec3a3d
0,        521,        521,        1,  3110400, a373f0046c8f08d439b201a14b7530c5
0,        522,        522,        1,  3110400, 0547e7cd03ea45b718fc3b4f3af9a65c
0,        523,        523,        1,  3110400, 4a046ef26488b961f75f9fa1c4972883
0,        524,        524,        1,  3110400, e18adca93d65d51c1f6454c35f41e503
0,        525,        525,        1,  3110400, 523f515d2f24c617051eeabaf7ffe8b8
0,        526,        526,        1,  3110400, ae393a90c93f76c197e954cd03dca134
0,        527,        527,        1,  3110400, a77b311619fbcc5f26c5de18f0c2535a
0,        528,        528,        1,  3110400, b5726be25a5c741b579fea4c30e54455
0,        529,        529,        1,  3110400, 44279fcd7690fd59779e95adfede2730
0,        530,        530,        1,  3110400, f95da03849bc1297269ed17016efaa60
0,        531,        531,        1,  3110400, 70831cf6852c5fabca491232e4c93717
0,        532,        532,        1,  3110400, 9d3b2582719a5d01b87d8c021ba09d78
0,        533,        533,        1,  3110400, 3d08327c79c4586ed66d58248d0c7757
0,        534,        534,        1,  3110400, d1d75fec58f77fa076708351769c0258
0,        535,        535,        1,  3110400, 7adb94d228a6d29b066473fce79ec248
0,        536,        536,        1,  3110400, 2464f25f102653bbf51952c10c1e41aa
0,        537,        537,        1,  3110400, 5b0ae284a4921ac65fd8f5e25299e687
0,        538,        538,        1,  3110400, 1f6b63c8c9127ce3d9bef37ec2a62aaa
0,        539,        539,        1,  3110400, 50eba27c174ef7a528c9c7ffdae6d733
0,        540,        540,        1,  3110400, 0438bf48f9c948210c8361fecfc06b49
0,        541,        541,        1,  3110400, 1af1d67eb2a9c8a6b3764d2566b6fbc7
0,        542,        542,        1,  3110400, 5c0720f84383c2e636d8c54e55378d4c
0,        543,        543,        1,  3110400, a131cb985218cde63d6686118a915aac
0,        544,        544,        1,  3110400, 4f8161b069d70e4afbd421937bbcfd64
0,        545,        545,        1,  3110400, 878aa823d0d6273d080b47013fb1791d
0,        546,        546,        1,  3110400, e8443d4a554f587f749e65ea30ba6b48
0,        547,        547,        1,  3110400, 7dfeaabbe4fd7acc9917baa793fa7666
0,        548,        548,        1,  3110400, 84bc821b56e4dd81b2fde1d55a5cfc10
0,        549,        549,        1,  3110400, cd4f180c52609788765bd33a11780f07
0,        550,        550,        1,  3110400, 635b1680f6f65161bb7eb25e60ff9c14
0,        551,        551,        1,  3110400, 1a027bda0f6ef9d111621cd852f97744
0,        552,        552,        1,  3110400, d0ded50b2403ae7acdae8fe7a5a82263
0,        553,        553,        1,  3110400, d21212c64d3ceb70159108dce0e5d7af
0,        554,        554,        1,  3110400, 92be86137db5604fd6c5a9c8751f0a2e
0,        555,        555,        1,  3110400, 533cf80cf07cbc202a65c763b1bb8622
0,        556,        556,        1,  3110400, 189d6aa16e1c7befe2cfb6ee258d4fa6
0,        557,        557,        1,  3110400, 1c93c7a739fd7062a115ec3d67abd46e
0,        558,        558,        1,  3110400, bcd23d32a9e6042217861df9179a4f4c
0,        559,        559,        1,  3110400, 073ed6595884753fbaebe27c121a769a
0,        560,        560,        1,  3110400, 22765acf0cc1159f487ae4c0cb898527
0,        561,        561,        1,  3110400, d7979492275b9a35629fde6475628836
0,        562,        562,        1,  3110400, e72060ace2eca5a749a8fde610b97c3b
0,        563,        563,        1,  3110400, a76a3cef7a7bf3818dd82baafc1f0f38
0,        564,        564,        1,  3110400, 94b42e3ca65b2ad584e605abc52efe9c
0,        565,        565,        1,  3110400, 9bf4b7a0f3dbc4250ff9991b8746a4e1
0,        566,        566,        1,  3110400, 1e65947501d1dc45325eb7b5a7544577
0,        567,        567,        1,  3110400, e986dd769b4d91f612d098331036d8ae
0,        568,        568,        1,  3110400, aa48674c55d4858fe17a185c72f09223
0,        569,        569,        1,  3110400, c6cfb9298405a5832ef0af2adcb653f8
0,        570,        570,        1,  3110400, 604fa829e9411e62e1eb135b28c27e6d
0,        571,        571,        1,  3110400, 23111bdc67edb705c0ffdfe0b7f69bd5
0,        572,        572,        1,  3110400, 2dc5b7221eb94f3446a16be1736fefbf
0,        573,        573,        1,  3110400, 8d2710c08b53e655c2eb9f02ca3e8875
0,        574,        574,        1,  3110400, bc2746ecb956b81136f6151b61545b7e
0,        575,        575,        1,  3110400, 8ece4b83ac3d6c36554d108f8307b488
0,        576,        576,        1,  3110400, c426222e382cd1e9a1921d201701b391
0,        577,        577,        1,  3110400, c38e493575a99668ee7f601315e5ce24
0,        578,        578,        1,  3110400, 68c821126b39504695ed80d87e9e478c
0,        579,        579,        1,  3110400, e84661acc27407d2b8461d03c015acab
0,        580,        580,        1,  3110400, e267841a54e5a63ecda3c5f18ea9ca23
0,        581,        581,        1,  3110400, a6ca2ccc27e104e8eb3c767c8de51e8b
0,        582,        582,        1,  3110400, 46375f404235b16f03c1cf91886f9172
0,        583,        583,        1,  3110400, fd01b217458aa53297d4b6fd06f82e89
0,        584,        584,        1,  3110400, 5e47006cb18609c47ed5727cc95f73d6
0,        585,        585,        1,  3110400, 7ca310c0e929b9314d2cf0898dccefc8
0,        586,        586,        1,  3110400, 875a2e1bdabc28ed971a8575868cadfc
0,        587,        587,        1,  3110400, ed626856f537790c6562774e8f80f01a
0,        588,        588,        1,  3110400, 8d1e4ecae7fedd9a2f3c293843fda896
0,        589,        589,        1,  3110400, fa592c327c73e008ff1d038d526e26fa
0,        590,        590,        1,  3110400, 1d3706decaee45385be6b790aadec3dd
0,        591,        591,        1,  3110400, b64fd518a66c361b6ed37d5015667dcd
0,        592,        592,        1,  3110400, 02f0c7ee0d085860a87133bef01919b7
0,        593,        593,        1,  3110400, ef4c684ce351e54c542168cc59185c27
0,        594,        594,        1,  3110400, c5bf2b860de7181aecaadc9f915d4f34
0,        595,        595,        1,  3110400, c252e775a12fd7d6f861e605f7861fef
0,        596,        596,        1,  3110400, e74488f5da1c30cb7d3c07e8fc10dd1e
0,        597,        597,        1,  3110400, 0b20afdb283d9fc46d6591392586e1b8
0,        598,        598,        1,  3110400, 3c84241f70e0e1ec7ea035aaeb887f31
0,        599,        599,        1,  3110400, f4b821f9dd9aebaa77d5a06e8f82aa3b
0,        600,        600,        1,  3110400, ee67f7398b3431b228f600891ddd310c
0,        601,        601,        1,  3110400, d15298a745e1ec3f3358bdd2c7a44ca4
0,        602,        602,        1,  3110400, 18cb104ac4885e681469398405383885
0,        603,        603,        1,  3110400, abe35e852163575fb2e67572e3de37f5
0,        604,        604,        1,  3110400, 9892a6d2f29f2fbe29b464859e3a266f
0,        605,        605,        1,  3110400, 3a447e2345c0c58983bf62f20dd31811
0,        606,        606,        1,  3110400, dc7c4ac80f432110a0b5ffb005a39629
0,        607,        607,        1,  3110400, f9fcea83a96b74fca1087c0398c37312
0,        608,        608,        1,  3110400, ec2d0825c645a8b9f8d94785e2ba410c
0,        609,        609,        1,  3110400, 68f2eff30dd721c5de30beab84654e41
0,        610,        610,        1,  3110400, f7ac04128c6d300713d5b89f6ace9086
0,        611,        611,        1,  3110400, 2fdd5e4f564967ed52f32a2796d37a6b
0,        612,        612,        1,  3110400, 5e24daf2d3b6784e25244c4f057c8d47
0,        613,        613,        1,  3110400, e115eef7a57e1e6bc756a65ef027f174
0,        614,        614,        1,  3110400, 68b0e6b00e72cf78479d724c9576f84b
0,        615,        615,        1,  3110400, b9b5d33dd2ab3020057d4b12a26ff5bb
0,        616,        616,        1,  3110400, 7a44309bfb05921bcaaa096f6f6dcf54
0,        617,        617,        1,  3110400, a09ce73120b8be17b2a7b57c74ff64ef
0,        618,        618,        1,  3110400, 72edfd08d6eaf0af020c6c883513a6da
0,        619,        619,        1,  3110400, d3ada29570b45482f39bb0e8e3ca905a
0,        620,        620,        1,  3110400, 8b76becf4774c9817258d6ec65f48da6
0,        621,        621,        1,  3110400, f668f0bc57d67a5a27bee41379de5668
0,        622,        622,        1,  3110400, 9fc079af670417aa0ac30e9ded5a9bea
0,        623,        623,        1,  3110400, dee8e001dab6b92e4b1a24bed382de06
0,        624,        624,        1,  3110400, 30bd72cb7448c2e41f1d8735c734d506
0,        625,        625,        1,  3110400, c927ac45518d301b81d0c5e8d391a73b
0,        626,        626,        1,  3110400, 5ff75849b1c4d7f587f5f2a133645a89
0,        627,        627,        1,  3110400, 83f365cb07432fc3f0dd2c3d5b90e09f
0,        628,        628,        1,  3110400, 2a113b4a18f050d7cb0706e5c5b6305f
0,        629,        629,        1,  3110400, 4ba4abada1ffe06f20e64b544442496a
0,        630,        630,        1,  3110400, e69e5914fedd6ac48344152b442e01fe
0,        631,        631,        1,  3110400, 8953e8458d21ea8b188e4595a6becbb9
0,        632,        632,        1,  3110400, 55826a75d75738a3d88acc5f08c8341c
0,        633,        633,        1,  3110400, 2328b1547e36f9d9e01622e5f52b6ee4
0,        634,        634,        1,  3110400, 6570e05a02dc3786ce8f0cc3597ae03d
0,        635,        635,        1,  3110400, 96ce01fc622b31e067b7760599d6e10b
0,        636,        636,        1,  3110400, 75e3baf0b6307c03a70cf8eb2702e3be
0,        637,        637,        1,  3110400, bd0230f17a6d356d6aeff3b0076350cc
0,        638,        638,        1,  3110400, 26916faace72837152793abc4ba61259
0,        639,        639,        1,  3110400, 2d1889eee58687979dfbe211a807a5e4
0,        640,        640,        1,  3110400, 17529657ae8f838301c4a4dbbf3c6f4d
0,        641,        641,        1,  3110400, 30a01903847c620ef0aff5d96adcdda8
0,        642,        642,        1,  3110400, 5a69970b6a3e7f10b9b3c52c047354ec
0,        643,        643,        1,  3110400, e49eddfdaebaab20d18f27e488ee6e7e
0,        644,        644,        1,  3110400, 9849ad1ad22947df184987b7d2ecc0d0
0,        645,        645,        1,  3110400, 780a01dbd82d3c99ebe86fe376d8a0dc
0,        646,        646,        1,  3110400, c629a1e7550771c8a37ec78c0d4e28bd
0,        647,        647,        1,  3110400, 1b232b183ce104e9407511a9207b3dcb
0,        648,        648,        1,  3110400, 992c86dc633e9518eed9dffcbc69c4cb
0,        649,        649,        1,  3110400, 1aad2c4eb73c60819f9a957a652bee5e
0,        650,        650,        1,  3110400, 0d6c9361106bc8ee21884b72631c8b02
0,        651,        651,        1,  3110400, 0ae8fddbde47e0f45e99f4bb8fb6377e
0,        652,        652,        1,  3110400, 69a45bdc448bd90655af09968d607bbe
0,        653,        653,        1,  3110400, 6f247c6aba7eaf5a47f0f4dcfb90e5c6
0,        654,        654,        1,  3110400, 47cc50cb1c659dd5f37b38705c871439
0,        655,        655,        1,  3110400, 75dd5b9eaa0021c36db5275994eed706
0,        656,        656,        1,  3110400, 134fc29de0d01fde40e72051841bce94
0,        657,        657,        1,  3110400, 6310dbd5dc85815ae4ff198f8264be2e
0,        658,        658,        1,  3110400, be37012fa591e8bc7642399c724335ec
0,        659,        659,        1,  3110400, e64f5cf8e39d3d7524c3cecd7d79af83
0,        660,        660,        1,  3110400, 42d80d684a468a8765ce3bbbcdeb4311
0,        661,        661,        1,  3110400, c455f3c740b403f066c3585d90128cf8
0,        662,        662,        1,  3110400, 362a73d2095470c24203abeb7ba1096f
0,        663,        663,        1,  3110400, f30e848fa8979945834ddeb88a181efc
0,        664,        664,        1,  3110400, 705e1fd8d97aebf3a94213e843fbd984
0,        665,        665,        1,  3110400, 600412bb24f960c99be9cb5fe1322fd0
0,        666,        666,        1,  3110400, b45b2739788cc2104202a894f8b51b25
0,        667,        667,        1,  3110400, 5ac18541e680c5d350847c3dfc4cbfc3
0,        668,        668,        1,  3110400, c74969bfa61e1fa78d6d727ed227cad5
0,        669,        669,        1,  3110400, 73022438f535b51e6a1e6e474f92d6e0
0,        670,        670,        1,  3110400, e8ddf5253d52dd47bcc6100b05b26e92
0,        671,        671,        1,  3110400, f8aab03263b0594a919cf3e6d79c22bf
0,        672,        672,        1,  3110400, 5b5803e0d65090b09911261a339a894c
0,        673,        673,        1,  3110400, d50669215c19a668a505f5c600594213
0,        674,        674,        1,  3110400, cd0144da30319ded9081f65d50a9d226
0,        675,        675,        1,  3110400, 6ea63d2bdd932b13deab943ad67d406d
0,        676,        676,        1,  3110400, 1bfee46445f655de86406bc22f8ab7d0
0,        677,        677,        1,  3110400, 3a4a413ea1d052209fc32ff410cc3556
0,        678,        678,        1,  3110400, 5036a1deb8a404e1a1c602d7973fd742
0,        679,        679,        1,  3110400, 549d8ebd306e046000267d953c54ec03
0,        680,        680,        1,  3110400, 89c967da4d9f9548c1732f7ed6d750e4
0,        681,        681,        1,  3110400, ed1d54e47f6eef15e783082864ad104a
0,        682,        682,        1,  3110400, 11dd06bdb077e864678aab067ef923fc
0,        683,        683,        1,  3110400, df82ed4972bf2d1a278d65cccccce68c
0,        684,        684,        1,  3110400, a66f3f9fe7acbd493f54a6479353fd10
0,        685,        685,        1,  3110400, 06b21833682f75ecc956f91955b7bd17
0,        686,        686,        1,  3110400, 11e994d769965b711c5b8fbd762c2386
0,        687,        687,        1,  3110400, 43faec7724409a3e75676fa26a3f0c0b
0,        688,        688,        1,  3110400, f05875b6e0cb97f46755eb090b11b88a
0,        689,        689,        1,  3110400, cb9942421e829fa88cf01d193b258691
0,        690,        690,        1,  3110400, 95034fc0900e0a05133320c4a1f70a30
0,        691,        691,        1,  3110400, bdc72bd619a49a781a3ba48131720020
0,        692,        692,        1,  3110400, a9aef62af4e5d0333dfad5d48851f303
0,        693,        693,        1,  3110400, 57940b49ce0d798fa985bda9958ef4c8
0,        694,        694,        1,  3110400, 024ef0f00f835e10353126936e8af503
0,        695,        695,        1,  3110400, 4f07daff144c7b6a7350d3211a8f1bed
0,        696,        696,        1,  3110400, eee2f1e5fb5ea6137df5089e8603ea13
0,        697,        697,        1,  3110400, 95231e86bf6447ad7f11cf69d9ba0761
0,        698,        698,        1,  3110400, f754ad9f37a9c37004930d41804ca7ce
0,        699,        699,        1,  3110400, 23e3ea8bf0bd190ee0a345c75ce5d84e
0,        700,        700,        1,  3110400, c6b51306b7ad00c630495bb7a47b8043
0,        701,        701,        1,  3110400, 3a80c306a0e8547c406ea19dd1340900
0,        702,        702,        1,  3110400, 2f95f2e626b2bd0baebab707c6c1d77e
0,        703,        703,        1,  3110400, 01e85c2c838b5700840c685c2845fe9e
0,        704,        704,        1,  3110400, f61fb9f04cdb104db2fc01367d7edc7b
0,        705,        705,        1,  3110400, f8e435ea07ae7890265b256d66658044
0,        706,        706,        1,  3110400, d5c847a7e8a1fe01ddc85ea9d573554a
0,        707,        707,        1,  3110400, 785b76b4b280e0069e3fe40963e71732
0,        708,        708,        1,  3110400, c931f370dd5c2d01b31b15b59a94b672
0,        709,        709,        1,  3110400, e68602c1653046fc6a3eca4830a7c981
0,        710,        710,        1,  3110400, 8ec01dacb602bcbcaf3e834612e35cbb
0,        711,        711,        1,  3110400, 94942bf663c9718e7268e13738a53813
0,        712,        712,        1,  3110400, 08b884403df9ef1de96fee3aee98cc59
0,        713,        713,        1,  3110400, ca033f7cb32e107af029b533218e3748
0,        714,        714,        1,  3110400, 33690a338eb64d662499112f5716fa36
0,        715,        715,        1,  3110400, f78b396291142792f9393d1dbb131dbb
0,        716,        716,        1,  3110400, a45881e5e44470250a31abe0f76909c0
0,        717,        717,        1,  3110400, 4b3400ee516b6a02b1bb0121b830cc03
0,        718,        718,        1,  3110400, 8f599d969c63d64c8369cb7157a04ec3
0,        719,        719,        1,  3110400, fd32b3469b26994aa3d21ddbd65e112d
0,        720,        720,        1,  3110400, b71e2536cb788ad2741c2e9cd1dd403c
0,        721,        721,        1,  3110400, 59a9413df10afafd1e146605d4012a97
0,        722,        722,        1,  3110400, ade300911683fefa03d62c7c2ec9c813
0,        723,        723,        1,  3110400, c93797ef32b2b855791cfca23cf450b9
0,        724,        724,        1,  3110400, 1b251f74ee3254eae3e3629cd2ee037d
0,        725,        725,        1,  3110400, 0393459068524231e2134d12f9a473a7
0,        726,        726,        1,  3110400, 0a3b57a3ac3912d5861a58059ce97d9e
0,        727,        727,        1,  3110400, 8819618467445370fd72a6fd20f543cd
0,        728,        728,        1,  3110400, 3ae50e5b218dcb54921c9066dedd3c07
0,        729,        729,        1,  3110400, 0a92683e4d2b2e6085a07bfd52096d5b
0,        730,        730,        1,  3110400, 0fc972d1caa5ef044a528f3bcf4e1d1b
0,        731,        731,        1,  3110400, e607f682cf6a598de891fca6e758d54f
0,        732,        732,        1,  3110400, 19288100be84df8d02c7c2249642db37
0,        733,        733,        1,  3110400, f31a83dd29f5a50785c0f0f77113d3c6
0,        734,        734,        1,  3110400, ecf27d8fb66aae977c2747a41e98f1eb
0,        735,        735,        1,  3110400, e67447a300c4f16e7e8311e9b4619b25
0,        736,        736,        1,  3110400, 0af87244bb9f7b5be5cc3f60bbf32879
0,        737,        737,        1,  3110400, 40f0df2ecd4fb9edbaa117dbfc17fae7
0,        738,        738,        1,  3110400, b4136e17583363bb487b9ab69806c0a1
0,        739,        739,        1,  3110400, 6f10b25d7e1dae42705d1a1c4110148b
0,        740,        740,        1,  3110400, e70cd4edddf6c973e00ab36ccd54b5b6
0,        741,        741,        1,  3110400, c63fb4c677366134efd1adaae7f56a75
0,        742,        742,        1,  3110400, 3d997d62ffcfafeb2ebd52c52866e876
0,        743,        743,        1,  3110400, fcdf9ab95a1b00bdb88227a88309130e
0,        744,        744,        1,  3110400, 99f9a3bb98e7c4c4e0a2473aabb4387c
0,        745,        745,        1,  3110400, 867be626a1d9f217d942f988302ff3bb
0,        746,        746,        1,  3110400, 8ba0d4bd17723f71a27381a11b733ebd
0,        747,        747,        1,  3110400, ca3857cdc22cfff4219e09af861e831f
0,        748,        748,        1,  3110400, dfe9cb500191e683cb4d7a587aafa835
0,        749,        749,        1,  3110400, 0e2742915a94948c45f80bad3d76066e
0,        750,        750,        1,  3110400, 597bd100df5fade34f29a5c513c756be
0,        751,        751,        1,  3110400, 0131f601a369a51e31a89a688c2f05a0
0,        752,        752,        1,  3110400, ad702b58c27411cc8ea62f5fc97de211
0,        753,        753,        1,  3110400, da1367b9c077124e1428a7a31f2477b6
0,        754,        754,        1,  3110400, aa06661471d513077cbfcbd323580c5a
0,        755,        755,        1,  3110400, 16a6f084ed369966067260f4238f7c50
0,        756,        756,        1,  3110400, aed3102625c27e567da491a1a194c584
0,        757,        757,        1,  3110400, 6e9182ff4cc9f9bf103c8b0cb904544f
0,        758,        758,        1,  3110400, 8b9162d110b3671c5045c9b6edf2b1fb
0,        759,        759,        1,  3110400, 67875e2365bad572ba3aeaeb4d6576dd
0,        760,        760,        1,  3110400, 55c1888656d13518d437d044c4917269
0,        761,        761,        1,  3110400, ef3acb295152f9fbaf2b2f30cc64ef1f
0,        762,        762,        1,  3110400, b1ef0cbea6051e6494f160d0517462ad
0,        763,        763,        1,  3110400, 939127572758ac1bd6fd6fb5fc6c5de2
0,        764,        764,        1,  3110400, 57dead936039987b86ee2849c3d702bd
0,        765,        765,        1,  3110400, ce9ad13ee8662c70903542f14d5859d7
0,        766,        766,        1,  3110400, eca7c12cd4a88c279f996374fcba3fce
0,        767,        767,        1,  3110400, 3dce0135aeba5aa3b931754b8d358a72
0,        768,        768,        1,  3110400, fcd67efd379c43f7669fb96599562ad4
0,        769,        769,        1,  3110400, 46544720ecb66bb132889fd9197b98d4
0,        770,        770,        1,  3110400, 3843495b69644c89884d4f2020bb8544
0,        771,        771,        1,  3110400, f655d36cd500f43b61219c870786942f
0,        772,        772,        1,  3110400, c27026f52a6c48c77bedec4bad9e24cb
0,        773,        773,        1,  3110400, 2166fc3f5e9d45477d844c01d9963116
0,        774,        774,        1,  3110400, 8d6c049f7aaebe39559ec3a5c650f8fe
0,        775,        775,        1,  3110400, 5d1fb59ae00ad2befc2ee7d6d566ad94
0,        776,        776,        1,  3110400, e27feb52658f29d46ff961b25ee2f918
0,        777,        777,        1,  3110400, aceac08a3d2f8fbbe77686d8681e5ea9
0,        778,        778,        1,  3110400, c04b44764fd4c77059e568671e523984
0,        779,        779,        1,  3110400, 4ea56533e3a2db2d826745f2989f4454
0,        780,        780,        1,  3110400, bd42433d50458cbcdce31fa3ea149dc9
0,        781,        781,        1,  3110400, 141fbb66217c79c168e07455b6e7475a
0,        782,        782,        1,  3110400, 234b5e151fa3ab9b8a4adb7320eebdaa
0,        783,        783,        1,  3110400, 5fa797f9a47f3281e98886355170d2e2
0,        784,        784,        1,  3110400, 6b363a923bbc16cca10c2637c20e1f7f
0,        785,        785,        1,  3110400, e16cfd6443748feacb4386044039fd66
0,        786,        786,        1,  3110400, 58b6bfe2bb6d3fade97feb342d5a64be
0,        787,        787,        1,  3110400, cce4162949d0a6cc59879d00ee98c1ad
0,        788,        788,        1,  3110400, 972d227f9e090cd714f16a03834ea62c
0,        789,        789,        1,  3110400, e26b4cfcb403d97c24456feccf221b22
0,        790,        790,        1,  3110400, 73dff690ec8d7e7b0e546681aa2844af
0,        791,        791,        1,  3110400, a1104e3ea70f8d9be25a9c65f4b3f635
0,        792,        792,        1,  3110400, 109a646ae0df7f27b8078b3dfe8f23ff
0,        793,        793,        1,  3110400, 74a85c15a693be9a45084e3cc20f0c92
0,        794,        794,        1,  3110400, 9b51844cf91534ffe6b34ba3a5da0fff
0,        795,        795,        1,  3110400, e051b3c7495f2e9069df0cd3dd54e2fe
0,        796,        796,        1,  3110400, cee376d629dd1a977b3904ff89e16e4c
0,        797,        797,        1,  3110400, 940d353b583a50e1a7460cdd6e7b80b8
0,        798,        798,        1,  3110400, 3285083b6399df9d67f33bdea7407104
0,        799,        799,        1,  3110400, dc19db23f5d6977230dc3932f25d3039
0,        800,        800,        1,  3110400, 6d401204f59154103b06c68251ce554e
0,        801,        801,        1,  3110400, 14fab6080a89ceea6d013bfc84485f5d
0,        802,        802,        1,  3110400, 67a72e55760eb62f7bc6eb6bc00d4596
0,        803,        803,        1,  3110400, 31441b3b507bc96a0b745b54adf2a32f
0,        804,        804,        1,  3110400, 771c672438b832929c09b2f55320fccf
0,        805,        805,        1,  3110400, bb5b8e999a2f7dc1ab7f95b75c8157fe
0,        806,        806,        1,  3110400, 9ba67f4bb6f443c5e7ade9d2aaae45d1
0,        807,        807,        1,  3110400, 12791268ce0ca7b1b1696d40d1781187
0,        808,        808,        1,  3110400, fa2694c8837778e9e5901de43be8d60f
0,        809,        809,        1,  3110400, c08c8e3b6d9baea2647f68ca30305007
0,        810,        810,        1,  3110400, d6a954637643336ec1d806038fb64fa5
0,        811,        811,        1,  3110400, a22542d96965eb32d589ff3d55bbfb09
0,        812,        812,        1,  3110400, bb8578d120a65372ff0127e3f742b6e6
0,        813,        813,        1,  3110400, 2c80617a3f78fee1d060e03e21e21748
0,        814,        814,        1,  3110400, 5c380910d7c57970e9ebc9fe8ec496dc
0,        815,        815,        1,  3110400, dbe7925459cf456a6ad4c5237307e056
0,        816,        816,        1,  3110400, a0fd9f787eaeb4bcf9f4858bec45a509
0,        817,        817,        1,  3110400, 1658c2f50396b5a1b4b957ecf7f0faf2
0,        818,        818,        1,  3110400, 2f4ea18b263caf22e7a74c45f6f9336d
0,        819,        819,        1,  3110400, 76043d4e70cd22ee96ca9cb8b5b203a7
0,        820,        820,        1,  3110400, 2dd75d6f7709e87281c4172dfd50b402
0,        821,        821,        1,  3110400, 8ef7d42dbfb25d75101cfd5dba9f9db1
0,        822,        822,        1,  3110400, 924b8f396eb64e55757875e02b9e39ea
0,        823,        823,        1,  3110400, f25fc60957eb5b4a0f65f825c0d2e9a0
0,        824,        824,        1,  3110400, 9d49f2068d0dedd0d69d16aa883a7359
0,        825,        825,        1,  3110400, e56240b711c4a25540e3ab4aae6234e4
0,        826,        826,        1,  3110400, 7299bd972030a31bb8a29e64ff026a38
0,        827,        827,        1,  3110400, aee3b4299e672495d3e66b8151b3cfa4
0,        828,        828,        1,  3110400, 36e52a52a2b47f8a916c5d4c1f4f2e19
0,        829,        829,        1,  3110400, b545d06ead91860e15ca3c89476a7dab
0,        830,        830,        1,  3110400, a9ae6e871cae2ec0364e7213e84fbd69
0,        831,        831,        1,  3110400, bf0ab4d477150a6ba2358c63c58b8815
0,        832,        832,        1,  3110400, 11e725ff2f27854d6401f4e049ea9da5
0,        833,        833,        1,  3110400, 86aeadad66233a0e09917d508bb6ba31
0,        834,        834,        1,  3110400, aba04e0c6a7993937ef2e056003558ee
0,        835,        835,        1,  3110400, ca2da1b4206ee6030df02a3cd248c6a6
0,        836,        836,        1,  3110400, 6548fa34b34853f39cb9adf72d0dc951
0,        837,        837,        1,  3110400, 33c08544c2c63206c1aedc9c08a597b2
0,        838,        838,        1,  3110400, c10f8256a9a65ebcf76cf40812db1bff
0,        839,        839,        1,  3110400, 12efd94574152b175d690cf247e59cb3
0,        840,        840,        1,  3110400, 102dd1c2dfc48f0c6f5142036c396815
0,        841,        841,        1,  3110400, 6ab7647d060cc97301ca3854c33cf8ab
0,        842,        842,        1,  3110400, 6748e8a44813efb6061672e71ccdb735
0,        843,        843,        1,  3110400, 24f4334f4f54220e08083e7dba0c4ecb
0,        844,        844,        1,  3110400, 1d94a704bb4638b01af8020223a320b8
0,        845,        845,        1,  3110400, 08f01389e25232403ab615dc7ef33596
0,        846,        846,        1,  3110400, 27ed26e348c2cbed391cbc8f5fe716b0
0,        847,        847,        1,  3110400, 34e07f8cb038c07284f0c493962e90d9
0,        848,        848,        1,  3110400, 3cf46e9f4383596072668bad81a6b8e3
0,        849,        849,        1,  3110400, 84672b3e81a475c1365940314b4884c0
0,        850,        850,        1,  3110400, 1e8d8207d11069f09b0569bbdd164200
0,        851,        851,        1,  3110400, 97a625e6ce5153721713267551d30caf
0,        852,        852,        1,  3110400, 9b18232cb40df7c603ca66bc83adec7e
0,        853,        853,        1,  3110400, 424d26396b388b015f2794b6a0960070
0,        854,        854,        1,  3110400, e1d1711697ba79fc86d8ee33bd92168d
0,        855,        855,        1,  3110400, 1311d67c94c3ff72a09a4646d95f305b
0,        856,        856,        1,  3110400, b6f2f5e8c43a2f1205383090a9e75990
0,        857,        857,        1,  3110400, c823b9efe3eb659b7ce23741dc9fae44
0,        858,        858,        1,  3110400, 8d7bc8f8a452f037a6959a9de63148b2
0,        859,        859,        1,  3110400, 17961a9c1c8ea31d0021790fd5c6585a
0,        860,        860,        1,  3110400, 86ceb7525eee87d7a86612ce5fbcdeb2
0,        861,        861,        1,  3110400, d777d4955d19e764cb108312450ce8ca
0,        862,        862,        1,  3110400, 5646960cbcb04f771b5b7c6024a9f6e8
0,        863,        863,        1,  3110400, 7c3f466dc3257d250d253f7c38f405d0
0,        864,        864,        1,  3110400, fb880061eb6cbecb71cb7faaa32fba86
0,        865,        865,        1,  3110400, 8f722c8088aa309f0ee50dc8e0e41052
0,        866,        866,        1,  3110400, 5ee4eee9f23fe51c9f1ee95753ae8b40
0,        867,        867,        1,  3110400, 6818aaa3849cab668e0e3f232e9aab67
0,        868,        868,        1,  3110400, 4ae75a386adc51cca04778bdc40f42b5
0,        869,        869,        1,  3110400, c0a1f558f36c2452652cfba55b9802fe
0,        870,        870,        1,  3110400, 2f9d3e678505e09e1ed54e2032628721
0,        871,        871,        1,  3110400, 23b532515dddc3a681f725a697e00dcb
0,        872,        872,        1,  3110400, 89166549dc8a61252eee9546dc7acda5
0,        873,        873,        1,  3110400, d838f492dd4b2b1639adbf6d95632ffc
0,        874,        874,        1,  3110400, 65987dc6d7a53373b40647dbeb40519f
0,        875,        875,        1,  3110400, 80367b5b12d9395023578e7fa7874e16
0,        876,        876,        1,  3110400, 10b39081e973cd38c6b4e17862e68346
0,        877,        877,        1,  3110400, e0a967cfd43fde394755016d826b69a3
0,        878,        878,        1,  3110400, 6d3b4ffdd94f92a7d594c87c01ab6c17
0,        879,        879,        1,  3110400, d103525e3751e8a5f89bcba3c13250e5
0,        880,        880,        1,  3110400, b04a88f989f8138059223d0c7c00ddd3
0,        881,        881,        1,  3110400, 572a2684bb99bee6fc3c8a2c990e79d5
0,        882,        882,        1,  3110400, 223f7bbfe46c57e24ba9e9d51ad63a6f
0,        883,        883,        1,  3110400, ac5b753ca989c64d2a4c89dae51f9552
0,        884,        884,        1,  3110400, 07226d36e11360730d475001f66fcb42
0,        885,        885,        1,  3110400, 01f46e24a077fe66ab504f232ebc2afa
0,        886,        886,        1,  3110400, 32a0fd42eb34feb5ed2e126ebe9aaeaf
0,        887,        887,        1,  3110400, bae78b10c4ee241ed81b92991037ebc8
0,        888,        888,        1,  3110400, 16afc1e3554f5adbbd683ad9ed9429d4
0,        889,        889,        1,  3110400, f055941148b5a8a696ce4fa41c4cb8b9
0,        890,        890,        1,  3110400, 7b902cf179066280c214522922323e8e
0,        891,        891,        1,  3110400, 4359903171a4c6db32126492aca80a7e
0,        892,        892,        1,  3110400, 2c2d5b0019e45b2c26fe555c6042ede4
0,        893,        893,        1,  3110400, fd0c3097f640599ad285c62289bce0e8
0,        894,        894,        1,  3110400, b531265f5348af75eee80f2657106894
0,        895,        895,        1,  3110400, b77da057d9a127527efffc398ccec6a9
0,        896,        896,        1,  3110400, 503ff3116aa6b0a25b13698ff6784362
0,        897,        897,        1,  3110400, e1f3f4ef7db13100707a6c361f8d603c
0,        898,        898,        1,  3110400, b2825469dbd39bebf601b305212128e8
0,        899,        899,        1,  3110400, 9ca8d711146d07a65c24275fe09518b6
0,        900,        900,        1,  3110400, 7b141744f62f1d516bfcf7f0bc28300d
0,        901,        901,        1,  3110400, d36b5ee3a350fe6d9d416bdf9434050f
0,        902,        902,        1,  3110400, f55b5d11891d9cebdfd527460d006bef
0,        903,        903,        1,  3110400, 133af91cb499e6fc4ad6b1da23a23d7c
0,        904,        904,        1,  3110400, 187c6d15eee351da8f55fee0cf1a1c57
0,        905,        905,        1,  3110400, 5fda897eea634bfaeb454386a95cf522
0,        906,        906,        1,  3110400, 65967bcb9995e828bed1f530e332e848
0,        907,        907,        1,  3110400, f9180bfa558c55f41faa9ef824296b8f
0,        908,        908,        1,  3110400, aed81015d1269193f19312820859314b
0,        909,        909,        1,  3110400, 8d074a2ec724591ca36a4fae55bb1cd6
0,        910,        910,        1,  3110400, 7f1260a230a8e61866c51d115d24ac4d
0,        911,        911,        1,  3110400, aa36cf6ad86d2b07e5bd6e16471627fc
0,        912,        912,        1,  3110400, 29c5934dad517775f604f3fa5ffb70be
0,        913,        913,        1,  3110400, 2a55d11553d00602c7781705b73060a8
0,        914,        914,        1,  3110400, 25f5f569e4325044298282795d5de298
0,        915,        915,        1,  3110400, 8e8ee1e9e86165e549aa855da3766c35
0,        916,        916,        1,  3110400, de6b3c2d1ff5e501682d931aa92bbf8c
0,        917,        917,        1,  3110400, 0138c9cec9d2afa24bc77322b4f0856c
0,        918,        918,        1,  3110400, 434c31561c8918253ced8bda7e3e1535
0,        919,        919,        1,  3110400, 3ab70d20ace4690799f3a21dff6e2ba2
0,        920,        920,        1,  3110400, f82b0bd92015325a271821fcc8987a7b
0,        921,        921,        1,  3110400, 392803a0173db2d7c5e3ae7a615ff69b
0,        922,        922,        1,  3110400, d497364a5586f3bf4803c89aa49b62eb
0,        923,        923,        1,  3110400, 0f58125750321c0a145b6d47af107d6c
0,        924,        924,        1,  3110400, cd8693c04c3387c7f167683fbb0abd69
0,        925,        925,        1,  3110400, 8c78c64737752a4c54800e9528805e7d
0,        926,        926,        1,  3110400, 08cb213d1ce0d228fd9db75ca80bf8e6
0,        927,        927,        1,  3110400, c8c78827e92535d89143fa8a6480eb00
0,        928,        928,        1,  3110400, ec73f426a655333bafb726a9443d114b
0,        929,        929,        1,  3110400, a94997d1b255d191716a17ce6901209c
0,        930,        930,        1,  3110400, e9b0e5f464ea2d67f4edce6a59cf2bac
0,        931,        931,        1,  3110400, 5f762206adb7ee12776516578ee964bd
0,        932,        932,        1,  3110400, 3dd178b12fed6e6674e2a39eba58a9e2
0,        933,        933,        1,  3110400, 9817b7a902c43648c6053c925d60bfc7
0,        934,        934,        1,  3110400, 863e947222d44a41c9041d8f0a08ee0f
0,        935,        935,        1,  3110400, 5e12be103476a4acfd13900eca1904b1
0,        936,        936,        1,  3110400, daf2f6d2a32ecc62585087cd0d59e0c5
0,        937,        937,        1,  3110400, 63e33511c07d05280522929c1b39e8e2
0,        938,        938,        1,  3110400, c4f2bce63fcbb1c05f949a27dac4a7b4
0,        939,        939,        1,  3110400, 918eb6c20eca680b08b32b008b29442b
0,        940,        940,        1,  3110400, 5d0956935d55356a3f1ff201b278cb15
0,        941,        941,        1,  3110400, 00ff3a40ceb2f5d79b66fabef76c387f
0,        942,        942,        1,  3110400, 977e3f388cc72e46084ece005b91a7aa
0,        943,        943,        1,  3110400, 9a9d1c6b9044d70174d873221848e2ab
0,        944,        944,        1,  3110400, 46e475b24bdcef6b4bb63e14bf209468
0,        945,        945,        1,  3110400, d29d08c975b7ce1d2f413e2e0fcccb9f
0,        946,        946,        1,  3110400, 1742e373d207bb6052bf11f54eb60433
0,        947,        947,        1,  3110400, 31858718c2bb13fbdda2586fee60f373
0,        948,        948,        1,  3110400, 36b71d759ee458015df1be77794469f9
0,        949,        949,        1,  3110400, 6a90762d4fa4bbfb6ee9daac664572fb
0,        950,        950,        1,  3110400, 414c90405fd41001906be2dc1f302b24
0,        951,        951,        1,  3110400, 264e865d5ffa7dcf55e739211f4ee8cb
0,        952,        952,        1,  3110400, f846e9cfabfe91f44d6d6a359bad1a11
0,        953,        953,        1,  3110400, 614ac35253e85bfcb9d007bcbe5a60b4
0,        954,        954,        1,  3110400, 9197a59abd7f90c4d5ed5c41fe1eecdb
0,        955,        955,        1,  3110400, 212811780f2c25c658d88738616e2a84
0,        956,        956,        1,  3110400, b45d8df21ef29f76c1be9370ff6d6769
0,        957,        957,        1,  3110400, 3c1dee5b18a36b86f16efd458badbae5
0,        958,        958,        1,  3110400, 5f63aa905b31bb778771acc0dd258d88
0,        959,        959,        1,  3110400, 33a590aa79286fbd399112185f0f82bd
0,        960,        960,        1,  3110400, 133ac7e6c7470432c0bea6f51739cf34
0,        961,        961,        1,  3110400, 049953ba88aa3fe35509003f6053c9f9
0,        962,        962,        1,  3110400, 40a89820444d27231df7b198af2726ac
0,        963,        963,        1,  3110400, 1f99e81533f2191e132fe912d2281450
0,        964,        964,        1,  3110400, 1340d37a67b8e8db9077655c38fd6fee
0,        965,        965,        1,  3110400, 1df098393ae9a2336291262edbb8651f
0,        966,        966,        1,  3110400, 99bbdeaecdaa3a99447ce2ee1b5f0b1d
0,        967,        967,        1,  3110400, a7490787ff5336e58474a7ff6a9e2800
0,        968,        968,        1,  3110400, eb74f99d64ae61c89f8e6c4e369090c3
0,        969,        969,        1,  3110400, 0bb3bfd186fdae0e1e14deaf37f46be6
0,        970,        970,        1,  3110400, 37d90b66ac1eb2683a571006a6f931d7
0,        971,        971,        1,  3110400, b5b9cdb9b970a69b5b54e8dafa7434db
0,        972,        972,        1,  3110400, a4288279daae25a060fbfe78fa78dffa
0,        973,        973,        1,  3110400, 9618a7f5c693413c7db2a297072d5eb3
0,        974,        974,        1,  3110400, 70f6dd36f1b66461e95d483370edce71
0,        975,        975,        1,  3110400, 5f4c074c8154a9f4754a2c0ba1e0a532
0,        976,        976,        1,  3110400, d48647263c64bdaf594af4df12992357
0,        977,        977,        1,  3110400, b9e9fdd3d1f37c76935f8836710d157f
0,        978,        978,        1,  3110400, 68e105c8b1e45a8bc05498302b8acdfc
0,        979,        979,        1,  3110400, 4ff52485fc55fe42cf0214f0927679b9
0,        980,        980,        1,  3110400, a1c55d7074c653f26276be7e320716cb
0,        981,        981,        1,  3110400, 3b8a40f56b1bd1a8216ff77950e018f2
0,        982,        982,        1,  3110400, 51b51bd8fbd2831824abf26a12472898
0,        983,        983,        1,  3110400, b124bb2beb9e1cb0e359f50df6b53e51
0,        984,        984,        1,  3110400, fb6ba3535a435d1a92db60f1e943c1b5
0,        985,        985,        1,  3110400, 4f220512c07e58a842e9277d30a5a1d1
0,        986,        986,        1,  3110400, 384432ba75d36528e2e30916059b65e5
0,        987,        987,        1,  3110400, c72edd73c5bc686423e3f12fb40e14d6
0,        988,        988,        1,  3110400, ee53daa49d33939d909ab760d1f151b5
0,        989,        989,        1,  3110400, 3b2bdda5135a22ca5387cbbdef11cd27
0,        990,        990,        1,  3110400, 93afded0b43ebce576e5fe2a7e10766e
0,        991,        991,        1,  3110400, cf1efa41ed9065b42c251a3f93d56013
0,        992,        992,        1,  3110400, aaad262fc7cc5d17bd028184909c97e4
0,        993,        993,        1,  3110400, 5bde805aa517d12d8a3ff468ce80b1d4
0,        994,        994,        1,  3110400, 7391db851de28a501178a484bc1ae72e
0,        995,        995,        1,  3110400, 37d8b3fc170fe53f2eeb9a8a164b475c
0,        996,        996,        1,  3110400, ec39540cfe19ca56a8766fd4b6cc99cd
0,        997,        997,        1,  3110400, cf67d93b35dfbed56cf88258e505f0f3
0,        998,        998,        1,  3110400, dd7090cefc341f43e1ee4e7cb0ca0291
0,        999,        999,        1,  3110400, 44d55da12fbae5f0f9663758550e651e
0,       1000,       1000,        1,  3110400, 1cc1b8cf16f3e0a12fe04642bddac013
0,       1001,       1001,        1,  3110400, f635de8f3ed21a1833d3edcc1fed5f11
0,       1002,       1002,        1,  3110400, 2fe8abaf10f36e63aa1726056e01bfed
0,       1003,       1003,        1,  3110400, 8d022357d68f1de39ce5abcb2d1b6fe3
0,       1004,       1004,        1,  3110400, 43fd686c13ef70ad3231c2aa2e0f4c1c
0,       1005,       1005,        1,  3110400, 731ed4c0d164075bb5564866a28c193e
0,       1006,       1006,        1,  3110400, 769138739f0ea9e531db65c81f797de0
0,       1007,       1007,        1,  3110400, f4a6598d02e7f8fdee6acaf6a81e9751
0,       1008,       1008,        1,  3110400, 8f3139051908a2860e086e8ce353c8ab
0,       1009,       1009,        1,  3110400, 77bf9a1fd8c10b85b558e9e043ba0e7c
0,       1010,       1010,        1,  3110400, c160bb92a8b1f32d3e835aab4c45f6a1
0,       1011,       1011,        1,  3110400, 1242590504fa7db046a229c5ef66391f
0,       1012,       1012,        1,  3110400, ce5544e223d18f22a07d1718bc7b5f41
0,       1013,       1013,        1,  3110400, 0f9cdba91e07a1c7020a5539be150358
0,       1014,       1014,        1,  3110400, 9050b95f0844982d37fb29b567ec4451
0,       1015,       1015,        1,  3110400, 09e6a615f9cf43c85f83c0a4ffbd6b45
0,       1016,       1016,        1,  3110400, b84b1dfa89218d6590212e56f28a5a70
0,       1017,       1017,        1,  3110400, c48499d016d91316a2ee80f250770fdc
0,       1018,       1018,        1,  3110400, 7761063d4e185c4cc0ff992bd565150d
0,       1019,       1019,        1,  3110400, a0f01c890b5557c1747fa51199aa18a0
0,       1020,       1020,        1,  3110400, aecb73b8775547f9600a849c1c5cb74e
0,       1021,       1021,        1,  3110400, 7e1c87682294830a8ae29450a0f634ff
0,       1022,       1022,        1,  3110400, 1b058d09d047dfc302218f1b52160140
0,       1023,       1023,        1,  3110400, 3af41a041ce217b39f12f8417ab533c5
0,       1024,       1024,        1,  3110400, 71b314527a41c04386ef8bd6fef64fbb
0,       1025,       1025,        1,  3110400, 99a5cfcb4f978766901f1d2902a1a345
0,       1026,       1026,        1,  3110400, eedbad32ae95e1658b9e24c3fc8e8773
0,       1027,       1027,        1,  3110400, bdc39557701a27a30a0a457beb320b8d
0,       1028,       1028,        1,  3110400, 6792a815351d0a6569f38eb91c13fc18
0,       1029,       1029,        1,  3110400, 7a415374aa9ee8eb7e854734017f9a14
0,       1030,       1030,        1,  3110400, dd217cfd2c031e1df41c438b68226f64
0,       1031,       1031,        1,  3110400, bd8aa4c5bafb7dc98f8bf71e384b908f
0,       1032,       1032,        1,  3110400, 04510ddea909e5372278c2aa96b0b67e
0,       1033,       1033,        1,  3110400, 7f9bab73eb6a3780c43c8a0397f156d3
0,       1034,       1034,        1,  3110400, 2bb4aca955b56c0a4f6dbea2eaacda69
0,       1035,       1035,        1,  3110400, cd28d6e16a4fac6e3373f7cbea217967
0,       1036,       1036,        1,  3110400, d5d30c9b587be8a10b823502eec18d4e
0,       1037,       1037,        1,  3110400, ba78d4de0354b8e3135124d65248ca30
0,       1038,       1038,        1,  3110400, 1366f81d64b11afa4b6b15615d640259
0,       1039,       1039,        1,  3110400, 06de2ec3346d8a5d61426dc75e898c9b
0,       1040,       1040,        1,  3110400, 04ecf441234784aa43fcc90f16e843d2
0,       1041,       1041,        1,  3110400, 13194ad9499722d3bd36a0e4abc9e61e
0,       1042,       1042,        1,  3110400, 4a11ef7f9238a37ae48115a82828fa33
0,       1043,       1043,        1,  3110400, 8e28a7585e33b9b41dbf859ebf07ad81
0,       1044,       1044,        1,  3110400, 4c8497c0b1e376c49520a58c714eeac6
0,       1045,       1045,        1,  3110400, 90e4526aa47cf4d0a8404b5fabffc480
0,       1046,       1046,        1,  3110400, 0d55862dd4a26c8d3e855d6d3e8da07c
0,       1047,       1047,        1,  3110400, 014d23ecece85c87acb41e73c63911b8
0,       1048,       1048,        1,  3110400, 23659ae18481b9afd8fc8f6c9839b870
0,       1049,       1049,        1,  3110400, 2528723ad647611b845cdc0480d0f4be
0,       1050,       1050,        1,  3110400, cf751dffeac24a48a1a98f61bbc13d73
0,       1051,       1051,        1,  3110400, 858e72667c42e649d30b278a00827e24
0,       1052,       1052,        1,  3110400, fd8ed170f4db75211ac903fc42890088
0,       1053,       1053,        1,  3110400, a52e6130bba35e6c8ec85927de71f255
0,       1054,       1054,        1,  3110400, 21534c4b1849f5f21800330f7c393e98
0,       1055,       1055,        1,  3110400, 96b23b9308b46de35a22d52ac5aa45b7
0,       1056,       1056,        1,  3110400, 4d714f6f8e0141267ad1fd4b3ffe26e7
0,       1057,       1057,        1,  3110400, 8c417f18a260459c6db9763bd818288a
0,       1058,       1058,        1,  3110400, e2dd4300fbf7527bea8a6565a1100481
0,       1059,       1059,        1,  3110400, 0c7fd53f97746b1d2fb822ea9914b138
0,       1060,       1060,        1,  3110400, c1ab59665b5ff4fa37faa7d16ac19972
0,       1061,       1061,        1,  3110400, 9de8b92b8e5081266d3069e91d0db33d
0,       1062,       1062,        1,  3110400, 0ed872163e960705d0849f5127ebd76c
0,       1063,       1063,        1,  3110400, 6e56727f3f84c8758de300f152d6aff3
0,       1064,       1064,        1,  3110400, a52e1200a9ef1f92cdda2bccedaf4d8d
0,       1065,       1065,        1,  3110400, 19563fe62fa51d817b242eb014142fdc
0,       1066,       1066,        1,  3110400, c348d2fdc09571ff8f32c2381a597d6c
0,       1067,       1067,        1,  3110400, ae34e0d57118e0f5a6e4fe8830ee4c74
0,       1068,       1068,        1,  3110400, 0943c6e3d4025b284566462816a15b9e
0,       1069,       1069,        1,  3110400, b9a9cbb781a1d789979d13e686a29de0
0,       1070,       1070,        1,  3110400, 889d1cd9bac2506cc31f44fe02176d16
0,       1071,       1071,        1,  3110400, 27cacd6a6fb540a799eab82d3f19f1d5
0,       1072,       1072,        1,  3110400, 0d0b51f73f72cedeac5b6577823490ad
0,       1073,       1073,        1,  3110400, 3d9fa89e8ca7c8df48a3dd1f015563d5
0,       1074,       1074,        1,  3110400, 8b7fe15c3110ef6dd96fefba8582dec6
0,       1075,       1075,        1,  3110400, 2e246c037980776d405dee4ea4f5d316
0,       1076,       1076,        1,  3110400, 174fa6ab26f21b7551720d3abdc79323
0,       1077,       1077,        1,  3110400, 0365c4e391cf53187ad55d3ea9b5fbbb
0,       1078,       1078,        1,  3110400, 9dac23d7d6cb33c42c3c0c613fb7fadf
0,       1079,       1079,        1,  3110400, 933de9d05a6f07f3b4f9147395a72286
0,       1080,       1080,        1,  3110400, e39fd51256caa5628e00172bda825b9b
0,       1081,       1081,        1,  3110400, c6daf830c686409f95a9833439ebdead
0,       1082,       1082,        1,  3110400, 7cae2c5dbf632bf8ff12286c56313a19
0,       1083,       1083,        1,  3110400, 0a7ccc70d623aee8259de9e57232cea4
0,       1084,       1084,        1,  3110400, 9c42cddc827c80d338f94894aed4bf55
0,       1085,       1085,        1,  3110400, c2aa4367d9f6d8ac7f0a4cbd3a2690b3
0,       1086,       1086,        1,  3110400, 7a7fa1e9ef6d637d7c22537c3ad5a35b
0,       1087,       1087,        1,  3110400, edb845a410c273891b36fe72a0277da0
0,       1088,       1088,        1,  3110400, 0ee510ebaf6ff2201c489ad91f98d596
0,       1089,       1089,        1,  3110400, 5502e44f840c763a39d65fac406bd6a3
0,       1090,       1090,        1,  3110400, ad4a28a4f7d4b57261e7264a6467ef19
0,       1091,       1091,        1,  3110400, eac79f08493d6457fd008f47b42e70e1
0,       1092,       1092,        1,  3110400, c8b6e957a3f582c7bd53dbab8151f272
0,       1093,       1093,        1,  3110400, e9becc9b5de17c917a8ab6ce385f5c58
0,       1094,       1094,        1,  3110400, d6150652570b0a2045cdeb4cebde758c
0,       1095,       1095,        1,  3110400, 63eaff6c4e3fc5f7502b53e336895c91
0,       1096,       1096,        1,  3110400, 0daa18ff8fbbedcf2a2290a056f7affd
0,       1097,       1097,        1,  3110400, dffaf3bd57f989ae3ea492ebdfffc77a
0,       1098,       1098,        1,  3110400, 74a229e42e5a4cecdf97a84c525105f8
0,       1099,       1099,        1,  3110400, 3e638370ef2a3b292ef169ea3b96cd4f
0,       1100,       1100,        1,  3110400, adb2a544696f0f858521fd6a6b975ee0
0,       1101,       1101,        1,  3110400, 015b20e9b6203a8f9c06e17f520266f7
0,       1102,       1102,        1,  3110400, 17fc4268404f44f8da22dd68db513bd2
0,       1103,       1103,        1,  3110400, 7d2a18d16a26c974c6790e9a9c1f807a
0,       1104,       1104,        1,  3110400, adbc17697795b65588cb8f7a9ed6f218
0,       1105,       1105,        1,  3110400, 8999a974f7bcf1e7831d84bde7e1c2c7
0,       1106,       1106,        1,  3110400, c11d4840737a944d5528a8856b56177c
0,       1107,       1107,        1,  3110400, 4fe9377eac0633184ebf96dd86ff1c1f
0,       1108,       1108,        1,  3110400, d1e9c8b8810368ad9b01dd1bb29f51f1
0,       1109,       1109,        1,  3110400, 8e86569a8249f2d09b546a44642592b4
0,       1110,       1110,        1,  3110400, 316b352f53f1e5f650f9c50dbd2ca6c4
0,       1111,       1111,        1,  3110400, b46e95dd497ae9b481119f35f38fcd79
0,       1112,       1112,        1,  3110400, 00b61ee568d344c94c23c5a8966459b3
0,       1113,       1113,        1,  3110400, 9cb2eb39f1d36a352ab40794b15e4c8f
0,       1114,       1114,        1,  3110400, 23d1443fb8cde66afaae272960968f4b
0,       1115,       1115,        1,  3110400, a60d3b5641454fff137130da9b0044a5
0,       1116,       1116,        1,  3110400, 6b6505431b38bff60d709e78d3e6f440
0,       1117,       1117,        1,  3110400, fba1e0d0ea3973dd563250bc520c72be
0,       1118,       1118,        1,  3110400, 1cd1d9450777c0e23bcedd1b8c44585b
0,       1119,       1119,        1,  3110400, 1fc44f602515fe7a0ff361a93e41f255
0,       1120,       1120,        1,  3110400, 0016a94adf9c2bb8a1d8b3c1a1c22a87
0,       1121,       1121,        1,  3110400, 10e779ec53cf7642cfd9b205d0d4b7d5
0,       1122,       1122,        1,  3110400, d59829915e8efd4cb5097a100731f1a4
0,       1123,       1123,        1,  3110400, e996aafc5aa138dde5de98f29db869e3
0,       1124,       1124,        1,  3110400, 92ec45e2a11e914f8d913564400f0b27
0,       1125,       1125,        1,  3110400, 752f6a32b3e1fb8ecc292743034eb749
0,       1126,       1126,        1,  3110400, ea1c7967fb9d5e82da95b9a8c5e7a8da
0,       1127,       1127,        1,  3110400, 901adaf03529150cd5f23c5f20052f25
0,       1128,       1128,        1,  3110400, 8254a7de7e7299d75e171e5f3f8ba99b
0,       1129,       1129,        1,  3110400, 07ce035e13d9ac7760459bdab28cc86e
0,       1130,       1130,        1,  3110400, 1763eb14dc023f1fd20d079f36831c95
0,       1131,       1131,        1,  3110400, 9d5dab9e4a70c4a49078f1c11dac8f64
0,       1132,       1132,        1,  3110400, 91c7fcda159a2766ef204ff8d2f323dd
0,       1133,       1133,        1,  3110400, 23a53046a653b152eee633f69cb86275
0,       1134,       1134,        1,  3110400, 4ead6ea3e6097e44687c141814eda717
0,       1135,       1135,        1,  3110400, ca9770561944231ea280f728eb0375e6
0,       1136,       1136,        1,  3110400, 17d1ad70520950716057bcd625efae13
0,       1137,       1137,        1,  3110400, cb2f6cb808f9bcd1064a145ec2983d79
0,       1138,       1138,        1,  3110400, feee9ef248b4bcd4787500cce581663d
0,       1139,       1139,        1,  3110400, f10f290f82449a1ab95fe53872773dea
0,       1140,       1140,        1,  3110400, fddd72ad9eec358e7db5cd44c0954a2a
0,       1141,       1141,        1,  3110400, 0036f951a22a1598eafa246d910e04a5
0,       1142,       1142,        1,  3110400, a293b3f75e6766e3345475a1d05e2481
0,       1143,       1143,        1,  3110400, e85f9c022211c60a92200679ce5264f4
0,       1144,       1144,        1,  3110400, dc5fd3f914e3f8348bdc5d293206703b
0,       1145,       1145,        1,  3110400, 8bf793a45461c0ec03505958d55e6c84
0,       1146,       1146,        1,  3110400, c85045f9fdc83dfbfad9f2ab173d2f28
0,       1147,       1147,        1,  3110400, acfc76fcf448c571d7514734adc45c16
0,       1148,       1148,        1,  3110400, 82c79f9ea551b578c4aa95b28285f437
0,       1149,       1149,        1,  3110400, 9f5ba3ab9d37a336a683c0f3d9632638
0,       1150,       1150,        1,  3110400, 30fc0dfd8734dd36b04ad1542373d4f4
0,       1151,       1151,        1,  3110400, e9655125b6367f146bcd252ef8465879
0,       1152,       1152,        1,  3110400, 2200644824af129f03f8fcce0d271906
0,       1153,       1153,        1,  3110400, 9eaa4f8f58c767267269cc357b718dbd
0,       1154,       1154,        1,  3110400, 56060463d4107673ca1a622e22a16f8d
0,       1155,       1155,        1,  3110400, 6808479d6e4190e4bfc69bc3f19e7384
0,       1156,       1156,        1,  3110400, 0dfeefe83cdb6eaf675ee0ff296d24d3
0,       1157,       1157,        1,  3110400, 9890fc80a2929b65da656408191189bb
0,       1158,       1158,        1,  3110400, 50c94a34b1d7fd7af52f10bbb8c0c79a
0,       1159,       1159,        1,  3110400, 082b442cf881740ffd6c2af0f69ee865
0,       1160,       1160,        1,  3110400, a9052cdcc73f69cea4aac52b7797eee3
0,       1161,       1161,        1,  3110400, 53f80c0fa2a9088fa8e3e26b3920748a
0,       1162,       1162,        1,  3110400, 52de77cb79ea155c2b20db21aeffb9da
0,       1163,       1163,        1,  3110400, 70212c288377417b5747d88e776ed174
0,       1164,       1164,        1,  3110400, ffce39c2ae8c1c1839f55e512244c324
0,       1165,       1165,        1,  3110400, 3f81eabf78bf868fe9160e1dd2b2effd
0,       1166,       1166,        1,  3110400, 3c395f31daf0f835cc68e1e617d03778
0,       1167,       1167,        1,  3110400, 6e395a96237dc5ffd8e9d0f1c5499662
0,       1168,       1168,        1,  3110400, 4564dd2024eed10971c5a4a573f25bc5
0,       1169,       1169,        1,  3110400, e4fb46d39f667e70de258bb4e76ad9ad
0,       1170,       1170,        1,  3110400, b430ce33cd72db2def835b75253e0dfe
0,       1171,       1171,        1,  3110400, 8f07933f88960d80dbfaf5ac2f6bd5a0
0,       1172,       1172,        1,  3110400, aac690b0e363de0beb4938ad116ffadb
0,       1173,       1173,        1,  3110400, 9ed1b9803c46c0e0df8a2914fdd601be
0,       1174,       1174,        1,  3110400, c52dadfbfc548475b05ca0c42815fbfe
0,       1175,       1175,        1,  3110400, abafdd1eefecf6cd8977903fd8f317ee
0,       1176,       1176,        1,  3110400, bc14748d4230f5fc98fcbf4ed1a96245
0,       1177,       1177,        1,  3110400, 89102959317be46ea348433fae028452
0,       1178,       1178,        1,  3110400, 1dab571a70b7d79cd80c8111e7371d9f
0,       1179,       1179,        1,  3110400, aab332faff40bf030ae9e821f162e248
0,       1180,       1180,        1,  3110400, 15af13722265adece8147c84cc5f38ea
0,       1181,       1181,        1,  3110400, f62a49e87ed99cc344775e4af59a7d04
0,       1182,       1182,        1,  3110400, 4604c9c5db692269b813983165e87057
0,       1183,       1183,        1,  3110400, a5fcf7c2491ef667ed190cf2a153bbec
0,       1184,       1184,        1,  3110400, 4816a38fc9a46df068340889ab4ccaca
0,       1185,       1185,        1,  3110400, 0bb5e8335e39165aac30294eb92186f8
0,       1186,       1186,        1,  3110400, aa6bbca787b502955e64732a580bf0e3
0,       1187,       1187,        1,  3110400, 75927c8ad5cc5c51d4b1420bdebe8a39
0,       1188,       1188,        1,  3110400, 66a1f4c1ea1ce4aa8a51da401c1f38d2
0,       1189,       1189,        1,  3110400, 3c5272318bcbe84e8a3245b2a41763be
0,       1190,       1190,        1,  3110400, 9e1373fdbe7820dd017c9d48a1c8316f
0,       1191,       1191,        1,  3110400, 5da24d379687f1ad5959ee634f8b384d
0,       1192,       1192,        1,  3110400, e03f1326d61d17a9982fd15d7c586409
0,       1193,       1193,        1,  3110400, f8350e4c7c26ee7e0cc4d6aec00d0cf3
0,       1194,       1194,        1,  3110400, 767b311c11bf89642f2b6b1293738291
0,       1195,       1195,        1,  3110400, 6294ec83a68e9b4286c5815116b6b6f0
0,       1196,       1196,        1,  3110400, 91d7566a57b9c8221bd841aee39ac5b7
0,       1197,       1197,        1,  3110400, ebc68ade261b7e2653a9e1a0d8b860e6
0,       1198,       1198,        1,  3110400, 0f3dc17ea2acfba7e460f1302fd57dd3
0,       1199,       1199,        1,  3110400, f87f396828c83fe7c313585f4292b742
0,       1200,       1200,        1,  3110400, dcef8f9ca92f57bbc126f550af3f629b
0,       1201,       1201,        1,  3110400, 7a52a443dbeb37a82759b009aabc45a0
0,       1202,       1202,        1,  3110400, 3a2f193b593d7d1d8caf87801741cd0e
0,       1203,       1203,        1,  3110400, 13b6c7057c4124ce5395f5654e994008
0,       1204,       1204,        1,  3110400, 22f3fe440f52af5acb185bb3241cc827
0,       1205,       1205,        1,  3110400, 7e9cce350f06ff99effbd54760449e6e
0,       1206,       1206,        1,  3110400, c248227dee61e74fb42c57a52166947c
0,       1207,       1207,        1,  3110400, 8225d4b1257d8b63f4aaf23a0e456e26
0,       1208,       1208,        1,  3110400, 01bf812650aaada99185966a9508787a
0,       1209,       1209,        1,  3110400, ea0b820ff48809cb016e3347c4cc4d1e
0,       1210,       1210,        1,  3110400, a0d1c901e75cef30dc9c4c04a2645303
0,       1211,       1211,        1,  3110400, 3c14830fa3503128f5817c7e2b3f6098
0,       1212,       1212,        1,  3110400, 5d759992cfaab5ee9a3dbe849d0b50b6
0,       1213,       1213,        1,  3110400, 0f162eb729460855bfa602646d21f46c
0,       1214,       1214,        1,  3110400, 869cea78d3ef8e7d1a467d6473dde74b
0,       1215,       1215,        1,  3110400, 4f8cfef5d4437ba4b91bbcaf1e4d4023
0,       1216,       1216,        1,  3110400, 74257e328e4ad0c6912a6c745f6d0f1b
0,       1217,       1217,        1,  3110400, 1e4e37cdc5785808ccdd439a5e2e3a84
0,       1218,       1218,        1,  3110400, 599c1b9f96a288eb68c659947c24c84c
0,       1219,       1219,        1,  3110400, b5ec2e045980ca65b7624d07ba7db771
0,       1220,       1220,        1,  3110400, 1643877dc62b0ba6f4a154b389efab86
0,       1221,       1221,        1,  3110400, 99c5d5a66787e74d9a36f5a1dbc92ef2
0,       1222,       1222,        1,  3110400, 6c2cda1e58b41efa9cb706b9a3ecf0a9
0,       1223,       1223,        1,  3110400, 53b604391bd6f4e509ea848b330fa88e
0,       1224,       1224,        1,  3110400, 78a69c850389b3aa0c158d85ed0e8e42
0,       1225,       1225,        1,  3110400, 794135acaa5aa287b40b35f8a65a2ccd
0,       1226,       1226,        1,  3110400, 81640872557f9d5b76fa6d15d5327782
0,       1227,       1227,        1,  3110400, ce86fef781ff9d3bc68c12a6bf77b9e6
0,       1228,       1228,        1,  3110400, e452e589e8d02611c9acdf7cddf8e8ba
0,       1229,       1229,        1,  3110400, 40272a29bf9b7bf1361325463614ee8f
0,       1230,       1230,        1,  3110400, b6e6a0c45aab50a87ab1aac280812b91
0,       1231,       1231,        1,  3110400, 11be61b3280eb043d42e88e34a311a67
0,       1232,       1232,        1,  3110400, 9bf78890c69a1c72a79f05eae0af9917
0,       1233,       1233,        1,  3110400, 80f4d255136b57ecba827b7daabe0a4e
0,       1234,       1234,        1,  3110400, db2d743f235aac9fc7863c08ff404e8e
0,       1235,       1235,        1,  3110400, a6b6ba8e1e0a6c22f7e41780c5c6abaa
0,       1236,       1236,        1,  3110400, 8d23f911b74b21fcb5fa9e37b5934b36
0,       1237,       1237,        1,  3110400, 57a7d09bc7bd8d6101b1c49641153ed0
0,       1238,       1238,        1,  3110400, 2a5006f6c6ae3dad14bffd0cc9c1c5ac
0,       1239,       1239,        1,  3110400, b3cadcfb0000c4d84e8336ed1b1d233a
0,       1240,       1240,        1,  3110400, 3fc6c6f79044545cd6d60ac68038ec52
0,       1241,       1241,        1,  3110400, 1069b753a34b39d2802dd02fef4000fc
0,       1242,       1242,        1,  3110400, 7a3c1e7c3d95014ee13162e6fe5e2c2c
0,       1243,       1243,        1,  3110400, 01b889bb24583cca92a6dca01fe9e263
0,       1244,       1244,        1,  3110400, 7996d6c2b2977bd309c417af5166f2c5
0,       1245,       1245,        1,  3110400, cbb1844aeec1f5c1e8adc3657b0a3891
0,       1246,       1246,        1,  3110400, 9d44a5e9bf892f2349b1d4bcddace1a7
0,       1247,       1247,        1,  3110400, e91e128cf3d801ff2f65cee2f2f2a93b
0,       1248,       1248,        1,  3110400, 4fb7507fbcb97d9f9f058723b787b954
0,       1249,       1249,        1,  3110400, 16691661dabc4053ac30cac8e3b806ab
0,       1250,       1250,        1,  3110400, 6623087c6cc768ba36bb4c7b58f3ff4a
0,       1251,       1251,        1,  3110400, a65d5f54eab7c4c891cb0684ef2e1a54
0,       1252,       1252,        1,  3110400, 829b906eba416ccf67266f96968a9d06
0,       1253,       1253,        1,  3110400, ef7276cd5e099f4cbaefb05b91891a12
0,       1254,       1254,        1,  3110400, 7d7c1a7894a5021de6ea528181851d52
0,       1255,       1255,        1,  3110400, 826acca4273e00a0f2ca7316d1e5c933
0,       1256,       1256,        1,  3110400, 733df992c425f456998a72800f47f92a
0,       1257,       1257,        1,  3110400, 8c4692e87c2db56a9f327373938fce9e
0,       1258,       1258,        1,  3110400, 2a94ab8c1ca2ad3133df9f22dc9f0146
0,       1259,       1259,        1,  3110400, 52284db5a7e856dc7d212950ab9173a7
0,       1260,       1260,        1,  3110400, 211133d070c288b418879e936ea19073
0,       1261,       1261,        1,  3110400, a7dc5a344eddb2645013945892f90f30
0,       1262,       1262,        1,  3110400, 82eb9fe3947b1162acefa54f61505b17
0,       1263,       1263,        1,  3110400, 48599524a6eed45894101ba597135f82
0,       1264,       1264,        1,  3110400, b94bb0a0ea5d3ec746a741030d52243a
0,       1265,       1265,        1,  3110400, 06febfd4a899eee035973d483a0f3bc7
0,       1266,       1266,        1,  3110400, 9d675ea8300e01624b02bedf75631088
0,       1267,       1267,        1,  3110400, 22eb0b956e9ab2ee19dd9584937450e9
0,       1268,       1268,        1,  3110400, eac326655ee98b509dae640bf808c8fa
0,       1269,       1269,        1,  3110400, 7d10d7aaabbdf2919a33e38b920b5b84
0,       1270,       1270,        1,  3110400, 1950e7095330a9756de1c239f3ea2d03
0,       1271,       1271,        1,  3110400, 50ecfd648639654a7edbd508beaddbfa
0,       1272,       1272,        1,  3110400, 8567593aa772397273b66bb9288b3b23
0,       1273,       1273,        1,  3110400, f64e571a24b54e51fa87509da1b5f3f4
0,       1274,       1274,        1,  3110400, 66b20ced4f45a1a4dad02a5e5ba2f0fb
0,       1275,       1275,        1,  3110400, 91043656e39d68b756e6848d112eded6
0,       1276,       1276,        1,  3110400, 696cbaa69b47223d26a088a1dc4475bb
0,       1277,       1277,        1,  3110400, 74f660a66dfae4c85ad0828da3485eb5
0,       1278,       1278,        1,  3110400, f9d6ee49da1fa74e0e541a5cc3dbc5bb
0,       1279,       1279,        1,  3110400, 398c650f860b270bd5aef86b92294d36
0,       1280,       1280,        1,  3110400, 9087d59ea8eacab37dc1a647310ee865
0,       1281,       1281,        1,  3110400, 9f2c5e53ff58013d07147a3037b6f62e
0,       1282,       1282,        1,  3110400, d867f722996c4a0bd283ea83e9b7eb3c
0,       1283,       1283,        1,  3110400, a7a7875a944348ff81c0bddd43894ab4
0,       1284,       1284,        1,  3110400, 5c20c3912aa4ec34a4246d7655f6c713
0,       1285,       1285,        1,  3110400, fd966f1e411860bdaa8e5b51ecb1d277
0,       1286,       1286,        1,  3110400, 7e7a814009dace171ff000b241aaa18b
0,       1287,       1287,        1,  3110400, 445fc2fe17f7377e03140a6a2bf4b264
0,       1288,       1288,        1,  3110400, 7b7c65df03f40cd969fb71ae297339cb
0,       1289,       1289,        1,  3110400, b5340fbe0652d5b9006c2cbe57e990be
0,       1290,       1290,        1,  3110400, c61bf6e24d249d422ba079100476e5d1
0,       1291,       1291,        1,  3110400, 6a56270c7697da1149470f0214193ec0
0,       1292,       1292,        1,  3110400, 53db6a351e584dabb4ae14b389a5755e
0,       1293,       1293,        1,  3110400, dfc44c1be0fee0a3cf7eb340dd6898eb
0,       1294,       1294,        1,  3110400, 83ca0d94729a760a3306e847894cb77f
0,       1295,       1295,        1,  3110400, f51dd384be412e130790ec43a4c825fb
0,       1296,       1296,        1,  3110400, ed4ea5efc910eaf5134bb9150feeb1d7
0,       1297,       1297,        1,  3110400, d95d68eb034d834e6ee8bddc2017e9db
0,       1298,       1298,        1,  3110400, 66f7074fec228d6a4b666fb871369afe
0,       1299,       1299,        1,  3110400, 417bb848b7abfb0b3a1ba8f5507d1c51
0,       1300,       1300,        1,  3110400, 931eb0f35afd42b5c7be92dcdfcc3741
0,       1301,       1301,        1,  3110400, d5b0ad32a7d794a22bed26f4a9497472
0,       1302,       1302,        1,  3110400, cdd9b89651a321762a208f377263f629
0,       1303,       1303,        1,  3110400, e4d1af1d306966d64b7dc43591fa2df4
0,       1304,       1304,        1,  3110400, aef5a4aebc4c1d26bcdc744675961b36
0,       1305,       1305,        1,  3110400, 79be4947cda0950e429f04ff34f6851a
0,       1306,       1306,        1,  3110400, 2ee15d61d3aa3e50338eef2a1f1412d3
0,       1307,       1307,        1,  3110400, 5b411147121c7476d99963ea952dbd64
0,       1308,       1308,        1,  3110400, 9e8bae60f7bac091529629cfc89691c2
0,       1309,       1309,        1,  3110400, 4230b8a18001ff3bacaf2ce661e01b60
0,       1310,       1310,        1,  3110400, a882160d0f50ae0a6bf2b642477bc6cc
0,       1311,       1311,        1,  3110400, 53352e88888e4b28cfdfccc7fb3a4ad0
0,       1312,       1312,        1,  3110400, 408079b2bd05d9d55fccd4c72d25558d
0,       1313,       1313,        1,  3110400, 523b868f0cbec71ae96cb8a3d99c11bb
0,       1314,       1314,        1,  3110400, b692b36e64609b2f9f9d2e145e8a313a
0,       1315,       1315,        1,  3110400, 8173f26ecbe2e2abb92d5a4604c19c93
0,       1316,       1316,        1,  3110400, 4ee81cf922d231f91e6c3c7649d31661
0,       1317,       1317,        1,  3110400, 8f082ee69e0db458b9161f3d67ffd89a
0,       1318,       1318,        1,  3110400, 171945ef26281036ed3b53c4f4f168ca
0,       1319,       1319,        1,  3110400, 85d92f2a397480faf013ee4bff7ad9cb
0,       1320,       1320,        1,  3110400, 7dda3c379c3fbead1bbb4a731e13ff10
0,       1321,       1321,        1,  3110400, 3373a58c83251ebc683e50842a1b0668
0,       1322,       1322,        1,  3110400, 5212ab2c5fc12bba1021a9b8cae25a7b
0,       1323,       1323,        1,  3110400, 7487ed528a7c9f7204029ab296ef2d6b
0,       1324,       1324,        1,  3110400, 186f47c38707c3d2b933945851cc066a
0,       1325,       1325,        1,  3110400, 81503c514d3a8175bd368a5f65bad3ac
0,       1326,       1326,        1,  3110400, ead1026b13150529537164d8aa0fd9fe
0,       1327,       1327,        1,  3110400, bf09abcc304e65fc91e3956930464da5
0,       1328,       1328,        1,  3110400, d77b0d39142f839a59ba2357a028dd1a
0,       1329,       1329,        1,  3110400, cb6e077de5feb191a86af900344449c0
0,       1330,       1330,        1,  3110400, 2935b6802d05f8bc8425a4aa6f9da5e5
0,       1331,       1331,        1,  3110400, eaac9ea9587d2db70b5fa64c3a644ae2
0,       1332,       1332,        1,  3110400, d1fea7753227adbea826ff275383ac4c
0,       1333,       1333,        1,  3110400, 3a62e6e0ddd3cee20b9361594d36e58e
0,       1334,       1334,        1,  3110400, c029b84caf7d832879227834f4cc6e91
0,       1335,       1335,        1,  3110400, 1770c25120aadc94aedc8b161c5c5c2c
0,       1336,       1336,        1,  3110400, 892454a1fb0f3f0c3bbe4b60af9a00b7
0,       1337,       1337,        1,  3110400, 3ea94f409f4420e9d3998e735c3d6cbf
0,       1338,       1338,        1,  3110400, ef94cfa1acfaea7d65e1b7d5324a5c7e
0,       1339,       1339,        1,  3110400, bd32783d14a57f68953fd5f781d3a952
0,       1340,       1340,        1,  3110400, a1df461f1cd6f853d93f37eb1086c225
0,       1341,       1341,        1,  3110400, 9dd4e49eff3b4f1aa88feffc960f8d07
0,       1342,       1342,        1,  3110400, 5f72569b539dc2b7ddb520f8eefd99d1
0,       1343,       1343,        1,  3110400, 0c86b43d1932ebb25822d55a3c925020
0,       1344,       1344,        1,  3110400, 49461ac9dea3affc033e08b585467d74
0,       1345,       1345,        1,  3110400, c5ccbd018b9ba665b1eba9f96d8bfeb8
0,       1346,       1346,        1,  3110400, 0821637c5cd241cd019f714e4982b020
0,       1347,       1347,        1,  3110400, f45d7fcdfd22325f6fde78c9bc005a2e
0,       1348,       1348,        1,  3110400, 3f0d1ee4b88d64e84f2a31a2c232cab6
0,       1349,       1349,        1,  3110400, 96a69ba66897b83008055374e848b500
0,       1350,       1350,        1,  3110400, 6326271fbcc35eef58ed7f469f3955c6
0,       1351,       1351,        1,  3110400, f6bd5fe080084ca05c2314b5a0b1320e
0,       1352,       1352,        1,  3110400, 003349029c71d7f461202ccd8f911d07
0,       1353,       1353,        1,  3110400, 6c4eac9e7b8821cf28f8058fdfdc495b
0,       1354,       1354,        1,  3110400, 60520fa13976ba469a16d0f5f8518ac7
0,       1355,       1355,        1,  3110400, a7822633ae01697109a67c8463533a4a
0,       1356,       1356,        1,  3110400, ef48e0d44bab16f814a8899694b76ce9
0,       1357,       1357,        1,  3110400, b7ed89a7ba754037e3d41b72211948cd
0,       1358,       1358,        1,  3110400, d3ec39781f233c067b0e1efe51682c08
0,       1359,       1359,        1,  3110400, aac7bf4ff2525b515e023b551aef402f
0,       1360,       1360,        1,  3110400, 78d2d44e3bca1f243aaaf22f6d6bb3b9
0,       1361,       1361,        1,  3110400, 1ae2bd32899bf85ab72406f352a5d8e8
0,       1362,       1362,        1,  3110400, b9f920b7169fb318d54d9f43528ee1bd
0,       1363,       1363,        1,  3110400, 49b8a7f6317d10f039dc1a34f1d03ec3
0,       1364,       1364,        1,  3110400, 277ae2086cdfc6365b6b217efb8931ea
0,       1365,       1365,        1,  3110400, 7f337f6b78afa4426ca958170be03a98
0,       1366,       1366,        1,  3110400, d7e6af26127b3806dc99905cc1df4c86
0,       1367,       1367,        1,  3110400, 4a9a47c4d78bfea2ab58627ebcfcbfe7
0,       1368,       1368,        1,  3110400, 0d8800f10d461235278c9dd4e2e448af
0,       1369,       1369,        1,  3110400, e81122726c682f78a91e95559aa5e916
0,       1370,       1370,        1,  3110400, 979f3c9d2cc43fed643965f86d1a32e9
0,       1371,       1371,        1,  3110400, 820b77c3d4e49feafc17fd70c474152f
0,       1372,       1372,        1,  3110400, 65cbbf27200ac299ea2b2ae6b6a012d7
0,       1373,       1373,        1,  3110400, 21d6b2b9da2281e5f414267f10234eaa
0,       1374,       1374,        1,  3110400, 86906a7000a8d647511683a5d9de325e
0,       1375,       1375,        1,  3110400, ede9ef8e7fb6badebc2029ac4c103269
0,       1376,       1376,        1,  3110400, 3fab3a951e4c27c79718684ecf7dd77d
0,       1377,       1377,        1,  3110400, e1c57b494ad380144496df2335c2f74b
0,       1378,       1378,        1,  3110400, b4cb4f35d8f26f4754f0ca4df16145ae
0,       1379,       1379,        1,  3110400, 8fdf50ece617b3a36f3d684a00887f52
0,       1380,       1380,        1,  3110400, 74cd326c849adfaa115526ad2cb2ea93
0,       1381,       1381,        1,  3110400, 29cb7865f8d8afb5e9b2da68c26f68ad
0,       1382,       1382,        1,  3110400, b7ee50d4559b44dbe10ed0b1f6f861f3
0,       1383,       1383,        1,  3110400, 594913df7379e47a477d7f2db92a6fd6
0,       1384,       1384,        1,  3110400, b3770cf65ed59c7b966fbf0de8e1b0a8
0,       1385,       1385,        1,  3110400, 30e6f3474e060390b9ce546d6eeda044
0,       1386,       1386,        1,  3110400, c8ae725826cf65ebf10fd89b07dc85fa
0,       1387,       1387,        1,  3110400, 340482a801b0bf22e3f271dc83cef470
0,       1388,       1388,        1,  3110400, d6da93ca5709b21eb3996c879c078ca3
0,       1389,       1389,        1,  3110400, e77c7df325526d5deea6c1396966d5cd
0,       1390,       1390,        1,  3110400, e9ce0a4aff9f35c7da6b977b8403f619
0,       1391,       1391,        1,  3110400, 4464abbf06ed661a86836f6d9266a8fc
0,       1392,       1392,        1,  3110400, ca6ff4f0d557b298283b69234b544118
0,       1393,       1393,        1,  3110400, 1db084187d50b1801ca08804fa47bb4b
0,       1394,       1394,        1,  3110400, 9b3433bd592ff493fa585f88f6226e94
0,       1395,       1395,        1,  3110400, ab852336e7c034d76b7d1c2afae1a672
0,       1396,       1396,        1,  3110400, ed24cc3d57430a30fd6c2421b246e26a
0,       1397,       1397,        1,  3110400, de70a9fa9c8e35d32c3b16fec6e438f5
0,       1398,       1398,        1,  3110400, 5e401f72a6557a4f2ea914f2803625c5
0,       1399,       1399,        1,  3110400, ffb3c5780098d7273aabc9a33bab159d
0,       1400,       1400,        1,  3110400, 32faac0fe480ff5b16aba460f6a6cd58
0,       1401,       1401,        1,  3110400, f6d3033f7c514dfc83a1dc1a5c7f7b28
0,       1402,       1402,        1,  3110400, 37757e17a1d74d7dad07ff6ec9ba096e
0,       1403,       1403,        1,  3110400, ceed4e260c2a9187ca09fb01d969c95b
0,       1404,       1404,        1,  3110400, da88e5cc78ea41f6af43ec2070b123df
0,       1405,       1405,        1,  3110400, a33e6062837cd1abe4e8fa5da3e20e97
0,       1406,       1406,        1,  3110400, 4e5ebcebf35f5d94914f95571d4cdbf8
0,       1407,       1407,        1,  3110400, 1639a3d2d9d2cf7cfdfb3f95130987b5
0,       1408,       1408,        1,  3110400, d9d73345ceccdb61ab21bf1981a28e5d
0,       1409,       1409,        1,  3110400, d42a35e1c705c3f592d5677be8185c13
0,       1410,       1410,        1,  3110400, 183f81d5fa5b08864045185a842a6781
0,       1411,       1411,        1,  3110400, 19af01cd1aca60f4bc1962be1d79afb6
0,       1412,       1412,        1,  3110400, bd65bd2583b4e22b673884491aef2418
0,       1413,       1413,        1,  3110400, 94c23adcb7176219a0e3b8d34f2ed932
0,       1414,       1414,        1,  3110400, e5bbb8b2abfc477837be913ed90cdb9f
0,       1415,       1415,        1,  3110400, b48bed215dd91e976c7f6c5d6ab8ac4e
0,       1416,       1416,        1,  3110400, ca5742f8bc7ef0c0f87b7754af90029b
0,       1417,       1417,        1,  3110400, 37dde054097d95f14fb8efccccf2343b
0,       1418,       1418,        1,  3110400, 48763b42c8f1b7862e65f1f01dc6427b
0,       1419,       1419,        1,  3110400, 6630c5234fec42509a4f11ca22ee1e75
0,       1420,       1420,        1,  3110400, 1037dff51037053839906e0d058003be
0,       1421,       1421,        1,  3110400, 9257c7d0779c437148b319755dc37609
0,       1422,       1422,        1,  3110400, 4a9e6cd2472669e9ed02e29584a96717
0,       1423,       1423,        1,  3110400, 2308c1faf388ef5c2a1352e27ef0413b
0,       1424,       1424,        1,  3110400, bb00f5ce05e040b9401452d49ea502e3
0,       1425,       1425,        1,  3110400, cc5f544580a8738cd5a07233b56f12c1
0,       1426,       1426,        1,  3110400, 90d519fa7f53f17bdaf6c563c632baef
0,       1427,       1427,        1,  3110400, db791deb5bca40707bcfb0f0ea07095d
0,       1428,       1428,        1,  3110400, b4639efb5c53ac1ab45a2d41391ddbb0
0,       1429,       1429,        1,  3110400, cbc6e46143d04cfa89b92aac9f1e764b
0,       1430,       1430,        1,  3110400, a5f2bc0363e959a2683e00913467b519
0,       1431,       1431,        1,  3110400, 83e5e99471f50cbe66a54e24419af1d2
0,       1432,       1432,        1,  3110400, 3c842791b024c8cfdf02bbf35de8281e
0,       1433,       1433,        1,  3110400, c1070e35e77c3d374b2a874756011503
0,       1434,       1434,        1,  3110400, 80dff44cd1145c1fd3b9e6362893ceea
0,       1435,       1435,        1,  3110400, 8ee46e6189d8d6667414a101bcacb9be
0,       1436,       1436,        1,  3110400, b1e599030b7dc82ae176fadbdaa9de5c
0,       1437,       1437,        1,  3110400, b12aa97a0fac95cdfc54bd579c9756ba
0,       1438,       1438,        1,  3110400, 28306b5930f011de02040a05fa89852c
0,       1439,       1439,        1,  3110400, 706bce92f88c191ff55d8a96ec1bce2e
